<?xml version="1.0" encoding="UTF-8"?>
<COLLADA xmlns="http://www.collada.org/2005/11/COLLADASchema" version="1.4.1">
<!--
# File generated by ImageToStl.com - Free Image and 3D model conversion tools
-->
  <asset>
    <contributor>
      <author>ImageToStl.com</author>
      <authoring_tool>ImageToStl.com</authoring_tool>
    </contributor>
    <created>2025-01-17T08:11:23</created>
    <modified>2025-01-17T08:11:23</modified>
    <up_axis>Z_UP</up_axis>
  </asset>
  <library_effects>
    <effect id="effect_0">
        <profile_COMMON>
          <technique sid="common">
            <phong>
              <diffuse>
                <color>0.85 0.85 0.85 1</color>
              </diffuse>
              <specular>
                <color>0.05 0.05 0.05 1</color>
              </specular>
              <shininess>
                <float>64</float>
              </shininess>
            </phong>
          </technique>
        </profile_COMMON>
    </effect>
  </library_effects>
  <library_materials>
    <material id="mat_0">
      <instance_effect url="#effect_0"/>
    </material>
  </library_materials>
  <library_geometries>
    <geometry id="geometry_17bbba78_be7a_48a9_a209_3bdc1843357c">
      <mesh>
        <source id="pos_0">
          <float_array id="pos_0-array" count="10659">-362.66666667 -226.66666667 0.5 -361.33333333 -226.66666667 0.5 0.66666667 0.66666667 0.5 -361.33333333 228 0.5 -362.66666667 228 0.5 -360 -226.66666667 0.5 -360 228 0.5 -358.66666667 -226.66666667 0.5 -358.66666667 228 0.5 -357.33333333 -226.66666667 0.5 -357.33333333 228 0.5 -356 -226.66666667 0.5 -356 228 0.5 -354.66666667 -226.66666667 0.5 -354.66666667 228 0.5 -353.33333333 -226.66666667 0.5 -353.33333333 228 0.5 -352 -226.66666667 0.5 -352 228 0.5 -350.66666667 -226.66666667 0.5 -350.66666667 228 0.5 -349.33333333 -226.66666667 0.5 -349.33333333 228 0.5 -348 -226.66666667 0.5 -348 228 0.5 -346.66666667 -226.66666667 0.5 -346.66666667 228 0.5 -345.33333333 -226.66666667 0.5 -345.33333333 228 0.5 -344 -226.66666667 0.5 -344 228 0.5 -342.66666667 -226.66666667 0.5 -342.66666667 228 0.5 -341.33333333 -226.66666667 0.5 -341.33333333 228 0.5 -340 -226.66666667 0.5 -340 228 0.5 -338.66666667 -226.66666667 0.5 -338.66666667 228 0.5 -337.33333333 -226.66666667 0.5 -337.33333333 228 0.5 -336 -226.66666667 0.5 -336 228 0.5 -334.66666667 -226.66666667 0.5 -334.66666667 228 0.5 -333.33333333 -226.66666667 0.5 -333.33333333 228 0.5 -332 -226.66666667 0.5 -332 228 0.5 -330.66666667 -226.66666667 0.5 -330.66666667 228 0.5 -329.33333333 -226.66666667 0.5 -329.33333333 228 0.5 -328 -226.66666667 0.5 -328 228 0.5 -326.66666667 -226.66666667 0.5 -326.66666667 228 0.5 -325.33333333 -226.66666667 0.5 -325.33333333 228 0.5 -324 -226.66666667 0.5 -324 228 0.5 -322.66666667 -226.66666667 0.5 -322.66666667 228 0.5 -321.33333333 -226.66666667 0.5 -321.33333333 228 0.5 -320 -226.66666667 0.5 -320 228 0.5 -318.66666667 -226.66666667 0.5 -318.66666667 228 0.5 -317.33333333 -226.66666667 0.5 -317.33333333 228 0.5 -316 -226.66666667 0.5 -316 228 0.5 -314.66666667 -226.66666667 0.5 -314.66666667 228 0.5 -313.33333333 -226.66666667 0.5 -313.33333333 228 0.5 -312 -226.66666667 0.5 -312 228 0.5 -310.66666667 -226.66666667 0.5 -310.66666667 228 0.5 -309.33333333 -226.66666667 0.5 -309.33333333 228 0.5 -308 -226.66666667 0.5 -308 228 0.5 -306.66666667 -226.66666667 0.5 -306.66666667 228 0.5 -305.33333333 -226.66666667 0.5 -305.33333333 228 0.5 -304 -226.66666667 0.5 -304 228 0.5 -302.66666667 -226.66666667 0.5 -302.66666667 228 0.5 -301.33333333 -226.66666667 0.5 -301.33333333 228 0.5 -300 -226.66666667 0.5 -300 228 0.5 -298.66666667 -226.66666667 0.5 -298.66666667 228 0.5 -297.33333333 -226.66666667 0.5 -297.33333333 228 0.5 -296 -226.66666667 0.5 -296 228 0.5 -294.66666667 -226.66666667 0.5 -294.66666667 228 0.5 -293.33333333 -226.66666667 0.5 -293.33333333 228 0.5 -292 -226.66666667 0.5 -292 228 0.5 -290.66666667 -226.66666667 0.5 -290.66666667 228 0.5 -289.33333333 -226.66666667 0.5 -289.33333333 228 0.5 -288 -226.66666667 0.5 -288 228 0.5 -286.66666667 -226.66666667 0.5 -286.66666667 228 0.5 -285.33333333 -226.66666667 0.5 -285.33333333 228 0.5 -284 -226.66666667 0.5 -284 228 0.5 -282.66666667 -226.66666667 0.5 -282.66666667 228 0.5 -281.33333333 -226.66666667 0.5 -281.33333333 228 0.5 -280 -226.66666667 0.5 -280 228 0.5 -278.66666667 -226.66666667 0.5 -278.66666667 228 0.5 -277.33333333 -226.66666667 0.5 -277.33333333 228 0.5 -276 -226.66666667 0.5 -276 228 0.5 -274.66666667 -226.66666667 0.5 -274.66666667 228 0.5 -273.33333333 -226.66666667 0.5 -273.33333333 228 0.5 -272 -226.66666667 0.5 -272 228 0.5 -270.66666667 -226.66666667 0.5 -270.66666667 228 0.5 -269.33333333 -226.66666667 0.5 -269.33333333 228 0.5 -268 -226.66666667 0.5 -268 228 0.5 -266.66666667 -226.66666667 0.5 -266.66666667 228 0.5 -265.33333333 -226.66666667 0.5 -265.33333333 228 0.5 -264 -226.66666667 0.5 -264 228 0.5 -262.66666667 -226.66666667 0.5 -262.66666667 228 0.5 -261.33333333 -226.66666667 0.5 -261.33333333 228 0.5 -260 -226.66666667 0.5 -260 228 0.5 -258.66666667 -226.66666667 0.5 -258.66666667 228 0.5 -257.33333333 -226.66666667 0.5 -257.33333333 228 0.5 -256 -226.66666667 0.5 -256 228 0.5 -254.66666667 -226.66666667 0.5 -254.66666667 228 0.5 -253.33333333 -226.66666667 0.5 -253.33333333 228 0.5 -252 -226.66666667 0.5 -252 228 0.5 -250.66666667 -226.66666667 0.5 -250.66666667 228 0.5 -249.33333333 -226.66666667 0.5 -249.33333333 228 0.5 -248 -226.66666667 0.5 -248 228 0.5 -246.66666667 -226.66666667 0.5 -246.66666667 228 0.5 -245.33333333 -226.66666667 0.5 -245.33333333 228 0.5 -244 -226.66666667 0.5 -244 228 0.5 -242.66666667 -226.66666667 0.5 -242.66666667 228 0.5 -241.33333333 -226.66666667 0.5 -241.33333333 228 0.5 -240 -226.66666667 0.5 -240 228 0.5 -238.66666667 -226.66666667 0.5 -238.66666667 228 0.5 -237.33333333 -226.66666667 0.5 -237.33333333 228 0.5 -236 -226.66666667 0.5 -236 228 0.5 -234.66666667 -226.66666667 0.5 -234.66666667 228 0.5 -233.33333333 -226.66666667 0.5 -233.33333333 228 0.5 -232 -226.66666667 0.5 -232 228 0.5 -230.66666667 -226.66666667 0.5 -230.66666667 228 0.5 -229.33333333 -226.66666667 0.5 -229.33333333 228 0.5 -228 -226.66666667 0.5 -228 228 0.5 -226.66666667 -226.66666667 0.5 -226.66666667 228 0.5 -225.33333333 -226.66666667 0.5 -225.33333333 228 0.5 -224 -226.66666667 0.5 -224 228 0.5 -222.66666667 -226.66666667 0.5 -222.66666667 228 0.5 -221.33333333 -226.66666667 0.5 -221.33333333 228 0.5 -220 -226.66666667 0.5 -220 228 0.5 -218.66666667 -226.66666667 0.5 -218.66666667 228 0.5 -217.33333333 -226.66666667 0.5 -217.33333333 228 0.5 -216 -226.66666667 0.5 -216 228 0.5 -214.66666667 -226.66666667 0.5 -214.66666667 228 0.5 -213.33333333 -226.66666667 0.5 -213.33333333 228 0.5 -212 -226.66666667 0.5 -212 228 0.5 -210.66666667 -226.66666667 0.5 -210.66666667 228 0.5 -209.33333333 -226.66666667 0.5 -209.33333333 228 0.5 -208 -226.66666667 0.5 -208 228 0.5 -206.66666667 -226.66666667 0.5 -206.66666667 228 0.5 -205.33333333 -226.66666667 0.5 -205.33333333 228 0.5 -204 -226.66666667 0.5 -204 228 0.5 -202.66666667 -226.66666667 0.5 -202.66666667 228 0.5 -201.33333333 -226.66666667 0.5 -201.33333333 228 0.5 -200 -226.66666667 0.5 -200 228 0.5 -198.66666667 -226.66666667 0.5 -198.66666667 228 0.5 -197.33333333 -226.66666667 0.5 -197.33333333 228 0.5 -196 -226.66666667 0.5 -196 228 0.5 -194.66666667 -226.66666667 0.5 -194.66666667 228 0.5 -193.33333333 -226.66666667 0.5 -193.33333333 228 0.5 -192 -226.66666667 0.5 -192 228 0.5 -190.66666667 -226.66666667 0.5 -190.66666667 228 0.5 -189.33333333 -226.66666667 0.5 -189.33333333 228 0.5 -188 -226.66666667 0.5 -188 228 0.5 -186.66666667 -226.66666667 0.5 -186.66666667 228 0.5 -185.33333333 -226.66666667 0.5 -185.33333333 228 0.5 -184 -226.66666667 0.5 -184 228 0.5 -182.66666667 -226.66666667 0.5 -182.66666667 228 0.5 -181.33333333 -226.66666667 0.5 -181.33333333 228 0.5 -180 -226.66666667 0.5 -180 228 0.5 -178.66666667 -226.66666667 0.5 -178.66666667 228 0.5 -177.33333333 -226.66666667 0.5 -177.33333333 228 0.5 -176 -226.66666667 0.5 -176 228 0.5 -174.66666667 -226.66666667 0.5 -174.66666667 228 0.5 -173.33333333 -226.66666667 0.5 -173.33333333 228 0.5 -172 -226.66666667 0.5 -172 228 0.5 -170.66666667 -226.66666667 0.5 -170.66666667 228 0.5 -169.33333333 -226.66666667 0.5 -169.33333333 228 0.5 -168 -226.66666667 0.5 -168 228 0.5 -166.66666667 -226.66666667 0.5 -166.66666667 228 0.5 -165.33333333 -226.66666667 0.5 -165.33333333 228 0.5 -164 -226.66666667 0.5 -164 228 0.5 -162.66666667 -226.66666667 0.5 -162.66666667 228 0.5 -161.33333333 -226.66666667 0.5 -161.33333333 228 0.5 -160 -226.66666667 0.5 -160 228 0.5 -158.66666667 -226.66666667 0.5 -158.66666667 228 0.5 -157.33333333 -226.66666667 0.5 -157.33333333 228 0.5 -156 -226.66666667 0.5 -156 228 0.5 -154.66666667 -226.66666667 0.5 -154.66666667 228 0.5 -153.33333333 -226.66666667 0.5 -153.33333333 228 0.5 -152 -226.66666667 0.5 -152 228 0.5 -150.66666667 -226.66666667 0.5 -150.66666667 228 0.5 -149.33333333 -226.66666667 0.5 -149.33333333 228 0.5 -148 -226.66666667 0.5 -148 228 0.5 -146.66666667 -226.66666667 0.5 -146.66666667 228 0.5 -145.33333333 -226.66666667 0.5 -145.33333333 228 0.5 -144 -226.66666667 0.5 -144 228 0.5 -142.66666667 -226.66666667 0.5 -142.66666667 228 0.5 -141.33333333 -226.66666667 0.5 -141.33333333 228 0.5 -140 -226.66666667 0.5 -140 228 0.5 -138.66666667 -226.66666667 0.5 -138.66666667 228 0.5 -137.33333333 -226.66666667 0.5 -137.33333333 228 0.5 -136 -226.66666667 0.5 -136 228 0.5 -134.66666667 -226.66666667 0.5 -134.66666667 228 0.5 -133.33333333 -226.66666667 0.5 -133.33333333 228 0.5 -132 -226.66666667 0.5 -132 228 0.5 -130.66666667 -226.66666667 0.5 -130.66666667 228 0.5 -129.33333333 -226.66666667 0.5 -129.33333333 228 0.5 -128 -226.66666667 0.5 -128 228 0.5 -126.66666667 -226.66666667 0.5 -126.66666667 228 0.5 -125.33333333 -226.66666667 0.5 -125.33333333 228 0.5 -124 -226.66666667 0.5 -124 228 0.5 -122.66666667 -226.66666667 0.5 -122.66666667 228 0.5 -121.33333333 -226.66666667 0.5 -121.33333333 228 0.5 -120 -226.66666667 0.5 -120 228 0.5 -118.66666667 -226.66666667 0.5 -118.66666667 228 0.5 -117.33333333 -226.66666667 0.5 -117.33333333 228 0.5 -116 -226.66666667 0.5 -116 228 0.5 -114.66666667 -226.66666667 0.5 -114.66666667 228 0.5 -113.33333333 -226.66666667 0.5 -113.33333333 228 0.5 -112 -226.66666667 0.5 -112 228 0.5 -110.66666667 -226.66666667 0.5 -110.66666667 228 0.5 -109.33333333 -226.66666667 0.5 -109.33333333 228 0.5 -108 -226.66666667 0.5 -108 228 0.5 -106.66666667 -226.66666667 0.5 -106.66666667 228 0.5 -105.33333333 -226.66666667 0.5 -105.33333333 228 0.5 -104 -226.66666667 0.5 -104 228 0.5 -102.66666667 -226.66666667 0.5 -102.66666667 228 0.5 -101.33333333 -226.66666667 0.5 -101.33333333 228 0.5 -100 -226.66666667 0.5 -100 228 0.5 -98.66666667 -226.66666667 0.5 -98.66666667 228 0.5 -97.33333333 -226.66666667 0.5 -97.33333333 228 0.5 -96 -226.66666667 0.5 -96 228 0.5 -94.66666667 -226.66666667 0.5 -94.66666667 228 0.5 -93.33333333 -226.66666667 0.5 -93.33333333 228 0.5 -92 -226.66666667 0.5 -92 228 0.5 -90.66666667 -226.66666667 0.5 -90.66666667 228 0.5 -89.33333333 -226.66666667 0.5 -89.33333333 228 0.5 -88 -226.66666667 0.5 -88 228 0.5 -86.66666667 -226.66666667 0.5 -86.66666667 228 0.5 -85.33333333 -226.66666667 0.5 -85.33333333 228 0.5 -84 -226.66666667 0.5 -84 228 0.5 -82.66666667 -226.66666667 0.5 -82.66666667 228 0.5 -81.33333333 -226.66666667 0.5 -81.33333333 228 0.5 -80 -226.66666667 0.5 -80 228 0.5 -78.66666667 -226.66666667 0.5 -78.66666667 228 0.5 -77.33333333 -226.66666667 0.5 -77.33333333 228 0.5 -76 -226.66666667 0.5 -76 228 0.5 -74.66666667 -226.66666667 0.5 -74.66666667 228 0.5 -73.33333333 -226.66666667 0.5 -73.33333333 228 0.5 -72 -226.66666667 0.5 -72 228 0.5 -70.66666667 -226.66666667 0.5 -70.66666667 228 0.5 -69.33333333 -226.66666667 0.5 -69.33333333 228 0.5 -68 -226.66666667 0.5 -68 228 0.5 -66.66666667 -226.66666667 0.5 -66.66666667 228 0.5 -65.33333333 -226.66666667 0.5 -65.33333333 228 0.5 -64 -226.66666667 0.5 -64 228 0.5 -62.66666667 -226.66666667 0.5 -62.66666667 228 0.5 -61.33333333 -226.66666667 0.5 -61.33333333 228 0.5 -60 -226.66666667 0.5 -60 228 0.5 -58.66666667 -226.66666667 0.5 -58.66666667 228 0.5 -57.33333333 -226.66666667 0.5 -57.33333333 228 0.5 -56 -226.66666667 0.5 -56 228 0.5 -54.66666667 -226.66666667 0.5 -54.66666667 228 0.5 -53.33333333 -226.66666667 0.5 -53.33333333 228 0.5 -52 -226.66666667 0.5 -52 228 0.5 -50.66666667 -226.66666667 0.5 -50.66666667 228 0.5 -49.33333333 -226.66666667 0.5 -49.33333333 228 0.5 -48 -226.66666667 0.5 -48 228 0.5 -46.66666667 -226.66666667 0.5 -46.66666667 228 0.5 -45.33333333 -226.66666667 0.5 -45.33333333 228 0.5 -44 -226.66666667 0.5 -44 228 0.5 -42.66666667 -226.66666667 0.5 -42.66666667 228 0.5 -41.33333333 -226.66666667 0.5 -41.33333333 228 0.5 -40 -226.66666667 0.5 -40 228 0.5 -38.66666667 -226.66666667 0.5 -38.66666667 228 0.5 -37.33333333 -226.66666667 0.5 -37.33333333 228 0.5 -36 -226.66666667 0.5 -36 228 0.5 -34.66666667 -226.66666667 0.5 -34.66666667 228 0.5 -33.33333333 -226.66666667 0.5 -33.33333333 228 0.5 -32 -226.66666667 0.5 -32 228 0.5 -30.66666667 -226.66666667 0.5 -30.66666667 228 0.5 -29.33333333 -226.66666667 0.5 -29.33333333 228 0.5 -28 -226.66666667 0.5 -28 228 0.5 -26.66666667 -226.66666667 0.5 -26.66666667 228 0.5 -25.33333333 -226.66666667 0.5 -25.33333333 228 0.5 -24 -226.66666667 0.5 -24 228 0.5 -22.66666667 -226.66666667 0.5 -22.66666667 228 0.5 -21.33333333 -226.66666667 0.5 -21.33333333 228 0.5 -20 -226.66666667 0.5 -20 228 0.5 -18.66666667 -226.66666667 0.5 -18.66666667 228 0.5 -17.33333333 -226.66666667 0.5 -17.33333333 228 0.5 -16 -226.66666667 0.5 -16 228 0.5 -14.66666667 -226.66666667 0.5 -14.66666667 228 0.5 -13.33333333 -226.66666667 0.5 -13.33333333 228 0.5 -12 -226.66666667 0.5 -12 228 0.5 -10.66666667 -226.66666667 0.5 -10.66666667 228 0.5 -9.33333333 -226.66666667 0.5 -9.33333333 228 0.5 -8 -226.66666667 0.5 -8 228 0.5 -6.66666667 -226.66666667 0.5 -6.66666667 228 0.5 -5.33333333 -226.66666667 0.5 -5.33333333 228 0.5 -4 -226.66666667 0.5 -4 228 0.5 -2.66666667 -226.66666667 0.5 -2.66666667 228 0.5 -1.33333333 -226.66666667 0.5 -1.33333333 228 0.5 0 -226.66666667 0.5 0 228 0.5 1.33333333 -226.66666667 0.5 1.33333333 228 0.5 2.66666667 -226.66666667 0.5 2.66666667 228 0.5 4 -226.66666667 0.5 4 228 0.5 5.33333333 -226.66666667 0.5 5.33333333 228 0.5 6.66666667 -226.66666667 0.5 6.66666667 228 0.5 8 -226.66666667 0.5 8 228 0.5 9.33333333 -226.66666667 0.5 9.33333333 228 0.5 10.66666667 -226.66666667 0.5 10.66666667 228 0.5 12 -226.66666667 0.5 12 228 0.5 13.33333333 -226.66666667 0.5 13.33333333 228 0.5 14.66666667 -226.66666667 0.5 14.66666667 228 0.5 16 -226.66666667 0.5 16 228 0.5 17.33333333 -226.66666667 0.5 17.33333333 228 0.5 18.66666667 -226.66666667 0.5 18.66666667 228 0.5 20 -226.66666667 0.5 20 228 0.5 21.33333333 -226.66666667 0.5 21.33333333 228 0.5 22.66666667 -226.66666667 0.5 22.66666667 228 0.5 24 -226.66666667 0.5 24 228 0.5 25.33333333 -226.66666667 0.5 25.33333333 228 0.5 26.66666667 -226.66666667 0.5 26.66666667 228 0.5 28 -226.66666667 0.5 28 228 0.5 29.33333333 -226.66666667 0.5 29.33333333 228 0.5 30.66666667 -226.66666667 0.5 30.66666667 228 0.5 32 -226.66666667 0.5 32 228 0.5 33.33333333 -226.66666667 0.5 33.33333333 228 0.5 34.66666667 -226.66666667 0.5 34.66666667 228 0.5 36 -226.66666667 0.5 36 228 0.5 37.33333333 -226.66666667 0.5 37.33333333 228 0.5 38.66666667 -226.66666667 0.5 38.66666667 228 0.5 40 -226.66666667 0.5 40 228 0.5 41.33333333 -226.66666667 0.5 41.33333333 228 0.5 42.66666667 -226.66666667 0.5 42.66666667 228 0.5 44 -226.66666667 0.5 44 228 0.5 45.33333333 -226.66666667 0.5 45.33333333 228 0.5 46.66666667 -226.66666667 0.5 46.66666667 228 0.5 48 -226.66666667 0.5 48 228 0.5 49.33333333 -226.66666667 0.5 49.33333333 228 0.5 50.66666667 -226.66666667 0.5 50.66666667 228 0.5 52 -226.66666667 0.5 52 228 0.5 53.33333333 -226.66666667 0.5 53.33333333 228 0.5 54.66666667 -226.66666667 0.5 54.66666667 228 0.5 56 -226.66666667 0.5 56 228 0.5 57.33333333 -226.66666667 0.5 57.33333333 228 0.5 58.66666667 -226.66666667 0.5 58.66666667 228 0.5 60 -226.66666667 0.5 60 228 0.5 61.33333333 -226.66666667 0.5 61.33333333 228 0.5 62.66666667 -226.66666667 0.5 62.66666667 228 0.5 64 -226.66666667 0.5 64 228 0.5 65.33333333 -226.66666667 0.5 65.33333333 228 0.5 66.66666667 -226.66666667 0.5 66.66666667 228 0.5 68 -226.66666667 0.5 68 228 0.5 69.33333333 -226.66666667 0.5 69.33333333 228 0.5 70.66666667 -226.66666667 0.5 70.66666667 228 0.5 72 -226.66666667 0.5 72 228 0.5 73.33333333 -226.66666667 0.5 73.33333333 228 0.5 74.66666667 -226.66666667 0.5 74.66666667 228 0.5 76 -226.66666667 0.5 76 228 0.5 77.33333333 -226.66666667 0.5 77.33333333 228 0.5 78.66666667 -226.66666667 0.5 78.66666667 228 0.5 80 -226.66666667 0.5 80 228 0.5 81.33333333 -226.66666667 0.5 81.33333333 228 0.5 82.66666667 -226.66666667 0.5 82.66666667 228 0.5 84 -226.66666667 0.5 84 228 0.5 85.33333333 -226.66666667 0.5 85.33333333 228 0.5 86.66666667 -226.66666667 0.5 86.66666667 228 0.5 88 -226.66666667 0.5 88 228 0.5 89.33333333 -226.66666667 0.5 89.33333333 228 0.5 90.66666667 -226.66666667 0.5 90.66666667 228 0.5 92 -226.66666667 0.5 92 228 0.5 93.33333333 -226.66666667 0.5 93.33333333 228 0.5 94.66666667 -226.66666667 0.5 94.66666667 228 0.5 96 -226.66666667 0.5 96 228 0.5 97.33333333 -226.66666667 0.5 97.33333333 228 0.5 98.66666667 -226.66666667 0.5 98.66666667 228 0.5 100 -226.66666667 0.5 100 228 0.5 101.33333333 -226.66666667 0.5 101.33333333 228 0.5 102.66666667 -226.66666667 0.5 102.66666667 228 0.5 104 -226.66666667 0.5 104 228 0.5 105.33333333 -226.66666667 0.5 105.33333333 228 0.5 106.66666667 -226.66666667 0.5 106.66666667 228 0.5 108 -226.66666667 0.5 108 228 0.5 109.33333333 -226.66666667 0.5 109.33333333 228 0.5 110.66666667 -226.66666667 0.5 110.66666667 228 0.5 112 -226.66666667 0.5 112 228 0.5 113.33333333 -226.66666667 0.5 113.33333333 228 0.5 114.66666667 -226.66666667 0.5 114.66666667 228 0.5 116 -226.66666667 0.5 116 228 0.5 117.33333333 -226.66666667 0.5 117.33333333 228 0.5 118.66666667 -226.66666667 0.5 118.66666667 228 0.5 120 -226.66666667 0.5 120 228 0.5 121.33333333 -226.66666667 0.5 121.33333333 228 0.5 122.66666667 -226.66666667 0.5 122.66666667 228 0.5 124 -226.66666667 0.5 124 228 0.5 125.33333333 -226.66666667 0.5 125.33333333 228 0.5 126.66666667 -226.66666667 0.5 126.66666667 228 0.5 128 -226.66666667 0.5 128 228 0.5 129.33333333 -226.66666667 0.5 129.33333333 228 0.5 130.66666667 -226.66666667 0.5 130.66666667 228 0.5 132 -226.66666667 0.5 132 228 0.5 133.33333333 -226.66666667 0.5 133.33333333 228 0.5 134.66666667 -226.66666667 0.5 134.66666667 228 0.5 136 -226.66666667 0.5 136 228 0.5 137.33333333 -226.66666667 0.5 137.33333333 228 0.5 138.66666667 -226.66666667 0.5 138.66666667 228 0.5 140 -226.66666667 0.5 140 228 0.5 141.33333333 -226.66666667 0.5 141.33333333 228 0.5 142.66666667 -226.66666667 0.5 142.66666667 228 0.5 144 -226.66666667 0.5 144 228 0.5 145.33333333 -226.66666667 0.5 145.33333333 228 0.5 146.66666667 -226.66666667 0.5 146.66666667 228 0.5 148 -226.66666667 0.5 148 228 0.5 149.33333333 -226.66666667 0.5 149.33333333 228 0.5 150.66666667 -226.66666667 0.5 150.66666667 228 0.5 152 -226.66666667 0.5 152 228 0.5 153.33333333 -226.66666667 0.5 153.33333333 228 0.5 154.66666667 -226.66666667 0.5 154.66666667 228 0.5 156 -226.66666667 0.5 156 228 0.5 157.33333333 -226.66666667 0.5 157.33333333 228 0.5 158.66666667 -226.66666667 0.5 158.66666667 228 0.5 160 -226.66666667 0.5 160 228 0.5 161.33333333 -226.66666667 0.5 161.33333333 228 0.5 162.66666667 -226.66666667 0.5 162.66666667 228 0.5 164 -226.66666667 0.5 164 228 0.5 165.33333333 -226.66666667 0.5 165.33333333 228 0.5 166.66666667 -226.66666667 0.5 166.66666667 228 0.5 168 -226.66666667 0.5 168 228 0.5 169.33333333 -226.66666667 0.5 169.33333333 228 0.5 170.66666667 -226.66666667 0.5 170.66666667 228 0.5 172 -226.66666667 0.5 172 228 0.5 173.33333333 -226.66666667 0.5 173.33333333 228 0.5 174.66666667 -226.66666667 0.5 174.66666667 228 0.5 176 -226.66666667 0.5 176 228 0.5 177.33333333 -226.66666667 0.5 177.33333333 228 0.5 178.66666667 -226.66666667 0.5 178.66666667 228 0.5 180 -226.66666667 0.5 180 228 0.5 181.33333333 -226.66666667 0.5 181.33333333 228 0.5 182.66666667 -226.66666667 0.5 182.66666667 228 0.5 184 -226.66666667 0.5 184 228 0.5 185.33333333 -226.66666667 0.5 185.33333333 228 0.5 186.66666667 -226.66666667 0.5 186.66666667 228 0.5 188 -226.66666667 0.5 188 228 0.5 189.33333333 -226.66666667 0.5 189.33333333 228 0.5 190.66666667 -226.66666667 0.5 190.66666667 228 0.5 192 -226.66666667 0.5 192 228 0.5 193.33333333 -226.66666667 0.5 193.33333333 228 0.5 194.66666667 -226.66666667 0.5 194.66666667 228 0.5 196 -226.66666667 0.5 196 228 0.5 197.33333333 -226.66666667 0.5 197.33333333 228 0.5 198.66666667 -226.66666667 0.5 198.66666667 228 0.5 200 -226.66666667 0.5 200 228 0.5 201.33333333 -226.66666667 0.5 201.33333333 228 0.5 202.66666667 -226.66666667 0.5 202.66666667 228 0.5 204 -226.66666667 0.5 204 228 0.5 205.33333333 -226.66666667 0.5 205.33333333 228 0.5 206.66666667 -226.66666667 0.5 206.66666667 228 0.5 208 -226.66666667 0.5 208 228 0.5 209.33333333 -226.66666667 0.5 209.33333333 228 0.5 210.66666667 -226.66666667 0.5 210.66666667 228 0.5 212 -226.66666667 0.5 212 228 0.5 213.33333333 -226.66666667 0.5 213.33333333 228 0.5 214.66666667 -226.66666667 0.5 214.66666667 228 0.5 216 -226.66666667 0.5 216 228 0.5 217.33333333 -226.66666667 0.5 217.33333333 228 0.5 218.66666667 -226.66666667 0.5 218.66666667 228 0.5 220 -226.66666667 0.5 220 228 0.5 221.33333333 -226.66666667 0.5 221.33333333 228 0.5 222.66666667 -226.66666667 0.5 222.66666667 228 0.5 224 -226.66666667 0.5 224 228 0.5 225.33333333 -226.66666667 0.5 225.33333333 228 0.5 226.66666667 -226.66666667 0.5 226.66666667 228 0.5 228 -226.66666667 0.5 228 228 0.5 229.33333333 -226.66666667 0.5 229.33333333 228 0.5 230.66666667 -226.66666667 0.5 230.66666667 228 0.5 232 -226.66666667 0.5 232 228 0.5 233.33333333 -226.66666667 0.5 233.33333333 228 0.5 234.66666667 -226.66666667 0.5 234.66666667 228 0.5 236 -226.66666667 0.5 236 228 0.5 237.33333333 -226.66666667 0.5 237.33333333 228 0.5 238.66666667 -226.66666667 0.5 238.66666667 228 0.5 240 -226.66666667 0.5 240 228 0.5 241.33333333 -226.66666667 0.5 241.33333333 228 0.5 242.66666667 -226.66666667 0.5 242.66666667 228 0.5 244 -226.66666667 0.5 244 228 0.5 245.33333333 -226.66666667 0.5 245.33333333 228 0.5 246.66666667 -226.66666667 0.5 246.66666667 228 0.5 248 -226.66666667 0.5 248 228 0.5 249.33333333 -226.66666667 0.5 249.33333333 228 0.5 250.66666667 -226.66666667 0.5 250.66666667 228 0.5 252 -226.66666667 0.5 252 228 0.5 253.33333333 -226.66666667 0.5 253.33333333 228 0.5 254.66666667 -226.66666667 0.5 254.66666667 228 0.5 256 -226.66666667 0.5 256 228 0.5 257.33333333 -226.66666667 0.5 257.33333333 228 0.5 258.66666667 -226.66666667 0.5 258.66666667 228 0.5 260 -226.66666667 0.5 260 228 0.5 261.33333333 -226.66666667 0.5 261.33333333 228 0.5 262.66666667 -226.66666667 0.5 262.66666667 228 0.5 264 -226.66666667 0.5 264 228 0.5 265.33333333 -226.66666667 0.5 265.33333333 228 0.5 266.66666667 -226.66666667 0.5 266.66666667 228 0.5 268 -226.66666667 0.5 268 228 0.5 269.33333333 -226.66666667 0.5 269.33333333 228 0.5 270.66666667 -226.66666667 0.5 270.66666667 228 0.5 272 -226.66666667 0.5 272 228 0.5 273.33333333 -226.66666667 0.5 273.33333333 228 0.5 274.66666667 -226.66666667 0.5 274.66666667 228 0.5 276 -226.66666667 0.5 276 228 0.5 277.33333333 -226.66666667 0.5 277.33333333 228 0.5 278.66666667 -226.66666667 0.5 278.66666667 228 0.5 280 -226.66666667 0.5 280 228 0.5 281.33333333 -226.66666667 0.5 281.33333333 228 0.5 282.66666667 -226.66666667 0.5 282.66666667 228 0.5 284 -226.66666667 0.5 284 228 0.5 285.33333333 -226.66666667 0.5 285.33333333 228 0.5 286.66666667 -226.66666667 0.5 286.66666667 228 0.5 288 -226.66666667 0.5 288 228 0.5 289.33333333 -226.66666667 0.5 289.33333333 228 0.5 290.66666667 -226.66666667 0.5 290.66666667 228 0.5 292 -226.66666667 0.5 292 228 0.5 293.33333333 -226.66666667 0.5 293.33333333 228 0.5 294.66666667 -226.66666667 0.5 294.66666667 228 0.5 296 -226.66666667 0.5 296 228 0.5 297.33333333 -226.66666667 0.5 297.33333333 228 0.5 298.66666667 -226.66666667 0.5 298.66666667 228 0.5 300 -226.66666667 0.5 300 228 0.5 301.33333333 -226.66666667 0.5 301.33333333 228 0.5 302.66666667 -226.66666667 0.5 302.66666667 228 0.5 304 -226.66666667 0.5 304 228 0.5 305.33333333 -226.66666667 0.5 305.33333333 228 0.5 306.66666667 -226.66666667 0.5 306.66666667 228 0.5 308 -226.66666667 0.5 308 228 0.5 309.33333333 -226.66666667 0.5 309.33333333 228 0.5 310.66666667 -226.66666667 0.5 310.66666667 228 0.5 312 -226.66666667 0.5 312 228 0.5 313.33333333 -226.66666667 0.5 313.33333333 228 0.5 314.66666667 -226.66666667 0.5 314.66666667 228 0.5 316 -226.66666667 0.5 316 228 0.5 317.33333333 -226.66666667 0.5 317.33333333 228 0.5 318.66666667 -226.66666667 0.5 318.66666667 228 0.5 320 -226.66666667 0.5 320 228 0.5 321.33333333 -226.66666667 0.5 321.33333333 228 0.5 322.66666667 -226.66666667 0.5 322.66666667 228 0.5 324 -226.66666667 0.5 324 228 0.5 325.33333333 -226.66666667 0.5 325.33333333 228 0.5 326.66666667 -226.66666667 0.5 326.66666667 228 0.5 328 -226.66666667 0.5 328 228 0.5 329.33333333 -226.66666667 0.5 329.33333333 228 0.5 330.66666667 -226.66666667 0.5 330.66666667 228 0.5 332 -226.66666667 0.5 332 228 0.5 333.33333333 -226.66666667 0.5 333.33333333 228 0.5 334.66666667 -226.66666667 0.5 334.66666667 228 0.5 336 -226.66666667 0.5 336 228 0.5 337.33333333 -226.66666667 0.5 337.33333333 228 0.5 338.66666667 -226.66666667 0.5 338.66666667 228 0.5 340 -226.66666667 0.5 340 228 0.5 341.33333333 -226.66666667 0.5 341.33333333 228 0.5 342.66666667 -226.66666667 0.5 342.66666667 228 0.5 344 -226.66666667 0.5 344 228 0.5 345.33333333 -226.66666667 0.5 345.33333333 228 0.5 346.66666667 -226.66666667 0.5 346.66666667 228 0.5 348 -226.66666667 0.5 348 228 0.5 349.33333333 -226.66666667 0.5 349.33333333 228 0.5 350.66666667 -226.66666667 0.5 350.66666667 228 0.5 352 -226.66666667 0.5 352 228 0.5 353.33333333 -226.66666667 0.5 353.33333333 228 0.5 354.66666667 -226.66666667 0.5 354.66666667 228 0.5 356 -226.66666667 0.5 356 228 0.5 357.33333333 -226.66666667 0.5 357.33333333 228 0.5 358.66666667 -226.66666667 0.5 358.66666667 228 0.5 360 -226.66666667 0.5 360 228 0.5 361.33333333 -226.66666667 0.5 361.33333333 228 0.5 362.66666667 -226.66666667 0.5 362.66666667 228 0.5 364 -226.66666667 0.5 364 228 0.5 -362.66666667 -225.33333333 0.5 364 -225.33333333 0.5 -362.66666667 -224 0.5 364 -224 0.5 -362.66666667 -222.66666667 0.5 364 -222.66666667 0.5 -362.66666667 -221.33333333 0.5 364 -221.33333333 0.5 -362.66666667 -220 0.5 364 -220 0.5 -362.66666667 -218.66666667 0.5 364 -218.66666667 0.5 -362.66666667 -217.33333333 0.5 364 -217.33333333 0.5 -362.66666667 -216 0.5 364 -216 0.5 -362.66666667 -214.66666667 0.5 364 -214.66666667 0.5 -362.66666667 -213.33333333 0.5 364 -213.33333333 0.5 -362.66666667 -212 0.5 364 -212 0.5 -362.66666667 -210.66666667 0.5 364 -210.66666667 0.5 -362.66666667 -209.33333333 0.5 364 -209.33333333 0.5 -362.66666667 -208 0.5 364 -208 0.5 -362.66666667 -206.66666667 0.5 364 -206.66666667 0.5 -362.66666667 -205.33333333 0.5 364 -205.33333333 0.5 -362.66666667 -204 0.5 364 -204 0.5 -362.66666667 -202.66666667 0.5 364 -202.66666667 0.5 -362.66666667 -201.33333333 0.5 364 -201.33333333 0.5 -362.66666667 -200 0.5 364 -200 0.5 -362.66666667 -198.66666667 0.5 364 -198.66666667 0.5 -362.66666667 -197.33333333 0.5 364 -197.33333333 0.5 -362.66666667 -196 0.5 364 -196 0.5 -362.66666667 -194.66666667 0.5 364 -194.66666667 0.5 -362.66666667 -193.33333333 0.5 364 -193.33333333 0.5 -362.66666667 -192 0.5 364 -192 0.5 -362.66666667 -190.66666667 0.5 364 -190.66666667 0.5 -362.66666667 -189.33333333 0.5 364 -189.33333333 0.5 -362.66666667 -188 0.5 364 -188 0.5 -362.66666667 -186.66666667 0.5 364 -186.66666667 0.5 -362.66666667 -185.33333333 0.5 364 -185.33333333 0.5 -362.66666667 -184 0.5 364 -184 0.5 -362.66666667 -182.66666667 0.5 364 -182.66666667 0.5 -362.66666667 -181.33333333 0.5 364 -181.33333333 0.5 -362.66666667 -180 0.5 364 -180 0.5 -362.66666667 -178.66666667 0.5 364 -178.66666667 0.5 -362.66666667 -177.33333333 0.5 364 -177.33333333 0.5 -362.66666667 -176 0.5 364 -176 0.5 -362.66666667 -174.66666667 0.5 364 -174.66666667 0.5 -362.66666667 -173.33333333 0.5 364 -173.33333333 0.5 -362.66666667 -172 0.5 364 -172 0.5 -362.66666667 -170.66666667 0.5 364 -170.66666667 0.5 -362.66666667 -169.33333333 0.5 364 -169.33333333 0.5 -362.66666667 -168 0.5 364 -168 0.5 -362.66666667 -166.66666667 0.5 364 -166.66666667 0.5 -362.66666667 -165.33333333 0.5 364 -165.33333333 0.5 -362.66666667 -164 0.5 364 -164 0.5 -362.66666667 -162.66666667 0.5 364 -162.66666667 0.5 -362.66666667 -161.33333333 0.5 364 -161.33333333 0.5 -362.66666667 -160 0.5 364 -160 0.5 -362.66666667 -158.66666667 0.5 364 -158.66666667 0.5 -362.66666667 -157.33333333 0.5 364 -157.33333333 0.5 -362.66666667 -156 0.5 364 -156 0.5 -362.66666667 -154.66666667 0.5 364 -154.66666667 0.5 -362.66666667 -153.33333333 0.5 364 -153.33333333 0.5 -362.66666667 -152 0.5 364 -152 0.5 -362.66666667 -150.66666667 0.5 364 -150.66666667 0.5 -362.66666667 -149.33333333 0.5 364 -149.33333333 0.5 -362.66666667 -148 0.5 364 -148 0.5 -362.66666667 -146.66666667 0.5 364 -146.66666667 0.5 -362.66666667 -145.33333333 0.5 364 -145.33333333 0.5 -362.66666667 -144 0.5 364 -144 0.5 -362.66666667 -142.66666667 0.5 364 -142.66666667 0.5 -362.66666667 -141.33333333 0.5 364 -141.33333333 0.5 -362.66666667 -140 0.5 364 -140 0.5 -362.66666667 -138.66666667 0.5 364 -138.66666667 0.5 -362.66666667 -137.33333333 0.5 364 -137.33333333 0.5 -362.66666667 -136 0.5 364 -136 0.5 -362.66666667 -134.66666667 0.5 364 -134.66666667 0.5 -362.66666667 -133.33333333 0.5 364 -133.33333333 0.5 -362.66666667 -132 0.5 364 -132 0.5 -362.66666667 -130.66666667 0.5 364 -130.66666667 0.5 -362.66666667 -129.33333333 0.5 364 -129.33333333 0.5 -362.66666667 -128 0.5 364 -128 0.5 -362.66666667 -126.66666667 0.5 364 -126.66666667 0.5 -362.66666667 -125.33333333 0.5 364 -125.33333333 0.5 -362.66666667 -124 0.5 364 -124 0.5 -362.66666667 -122.66666667 0.5 364 -122.66666667 0.5 -362.66666667 -121.33333333 0.5 364 -121.33333333 0.5 -362.66666667 -120 0.5 364 -120 0.5 -362.66666667 -118.66666667 0.5 364 -118.66666667 0.5 -362.66666667 -117.33333333 0.5 364 -117.33333333 0.5 -362.66666667 -116 0.5 364 -116 0.5 -362.66666667 -114.66666667 0.5 364 -114.66666667 0.5 -362.66666667 -113.33333333 0.5 364 -113.33333333 0.5 -362.66666667 -112 0.5 364 -112 0.5 -362.66666667 -110.66666667 0.5 364 -110.66666667 0.5 -362.66666667 -109.33333333 0.5 364 -109.33333333 0.5 -362.66666667 -108 0.5 364 -108 0.5 -362.66666667 -106.66666667 0.5 364 -106.66666667 0.5 -362.66666667 -105.33333333 0.5 364 -105.33333333 0.5 -362.66666667 -104 0.5 364 -104 0.5 -362.66666667 -102.66666667 0.5 364 -102.66666667 0.5 -362.66666667 -101.33333333 0.5 364 -101.33333333 0.5 -362.66666667 -100 0.5 364 -100 0.5 -362.66666667 -98.66666667 0.5 364 -98.66666667 0.5 -362.66666667 -97.33333333 0.5 364 -97.33333333 0.5 -362.66666667 -96 0.5 364 -96 0.5 -362.66666667 -94.66666667 0.5 364 -94.66666667 0.5 -362.66666667 -93.33333333 0.5 364 -93.33333333 0.5 -362.66666667 -92 0.5 364 -92 0.5 -362.66666667 -90.66666667 0.5 364 -90.66666667 0.5 -362.66666667 -89.33333333 0.5 364 -89.33333333 0.5 -362.66666667 -88 0.5 364 -88 0.5 -362.66666667 -86.66666667 0.5 364 -86.66666667 0.5 -362.66666667 -85.33333333 0.5 364 -85.33333333 0.5 -362.66666667 -84 0.5 364 -84 0.5 -362.66666667 -82.66666667 0.5 364 -82.66666667 0.5 -362.66666667 -81.33333333 0.5 364 -81.33333333 0.5 -362.66666667 -80 0.5 364 -80 0.5 -362.66666667 -78.66666667 0.5 364 -78.66666667 0.5 -362.66666667 -77.33333333 0.5 364 -77.33333333 0.5 -362.66666667 -76 0.5 364 -76 0.5 -362.66666667 -74.66666667 0.5 364 -74.66666667 0.5 -362.66666667 -73.33333333 0.5 364 -73.33333333 0.5 -362.66666667 -72 0.5 364 -72 0.5 -362.66666667 -70.66666667 0.5 364 -70.66666667 0.5 -362.66666667 -69.33333333 0.5 364 -69.33333333 0.5 -362.66666667 -68 0.5 364 -68 0.5 -362.66666667 -66.66666667 0.5 364 -66.66666667 0.5 -362.66666667 -65.33333333 0.5 364 -65.33333333 0.5 -362.66666667 -64 0.5 364 -64 0.5 -362.66666667 -62.66666667 0.5 364 -62.66666667 0.5 -362.66666667 -61.33333333 0.5 364 -61.33333333 0.5 -362.66666667 -60 0.5 364 -60 0.5 -362.66666667 -58.66666667 0.5 364 -58.66666667 0.5 -362.66666667 -57.33333333 0.5 364 -57.33333333 0.5 -362.66666667 -56 0.5 364 -56 0.5 -362.66666667 -54.66666667 0.5 364 -54.66666667 0.5 -362.66666667 -53.33333333 0.5 364 -53.33333333 0.5 -362.66666667 -52 0.5 364 -52 0.5 -362.66666667 -50.66666667 0.5 364 -50.66666667 0.5 -362.66666667 -49.33333333 0.5 364 -49.33333333 0.5 -362.66666667 -48 0.5 364 -48 0.5 -362.66666667 -46.66666667 0.5 364 -46.66666667 0.5 -362.66666667 -45.33333333 0.5 364 -45.33333333 0.5 -362.66666667 -44 0.5 364 -44 0.5 -362.66666667 -42.66666667 0.5 364 -42.66666667 0.5 -362.66666667 -41.33333333 0.5 364 -41.33333333 0.5 -362.66666667 -40 0.5 364 -40 0.5 -362.66666667 -38.66666667 0.5 364 -38.66666667 0.5 -362.66666667 -37.33333333 0.5 364 -37.33333333 0.5 -362.66666667 -36 0.5 364 -36 0.5 -362.66666667 -34.66666667 0.5 364 -34.66666667 0.5 -362.66666667 -33.33333333 0.5 364 -33.33333333 0.5 -362.66666667 -32 0.5 364 -32 0.5 -362.66666667 -30.66666667 0.5 364 -30.66666667 0.5 -362.66666667 -29.33333333 0.5 364 -29.33333333 0.5 -362.66666667 -28 0.5 364 -28 0.5 -362.66666667 -26.66666667 0.5 364 -26.66666667 0.5 -362.66666667 -25.33333333 0.5 364 -25.33333333 0.5 -362.66666667 -24 0.5 364 -24 0.5 -362.66666667 -22.66666667 0.5 364 -22.66666667 0.5 -362.66666667 -21.33333333 0.5 364 -21.33333333 0.5 -362.66666667 -20 0.5 364 -20 0.5 -362.66666667 -18.66666667 0.5 364 -18.66666667 0.5 -362.66666667 -17.33333333 0.5 364 -17.33333333 0.5 -362.66666667 -16 0.5 364 -16 0.5 -362.66666667 -14.66666667 0.5 364 -14.66666667 0.5 -362.66666667 -13.33333333 0.5 364 -13.33333333 0.5 -362.66666667 -12 0.5 364 -12 0.5 -362.66666667 -10.66666667 0.5 364 -10.66666667 0.5 -362.66666667 -9.33333333 0.5 364 -9.33333333 0.5 -362.66666667 -8 0.5 364 -8 0.5 -362.66666667 -6.66666667 0.5 364 -6.66666667 0.5 -362.66666667 -5.33333333 0.5 364 -5.33333333 0.5 -362.66666667 -4 0.5 364 -4 0.5 -362.66666667 -2.66666667 0.5 364 -2.66666667 0.5 -362.66666667 -1.33333333 0.5 364 -1.33333333 0.5 -362.66666667 0 0.5 364 0 0.5 -362.66666667 1.33333333 0.5 364 1.33333333 0.5 -362.66666667 2.66666667 0.5 364 2.66666667 0.5 -362.66666667 4 0.5 364 4 0.5 -362.66666667 5.33333333 0.5 364 5.33333333 0.5 -362.66666667 6.66666667 0.5 364 6.66666667 0.5 -362.66666667 8 0.5 364 8 0.5 -362.66666667 9.33333333 0.5 364 9.33333333 0.5 -362.66666667 10.66666667 0.5 364 10.66666667 0.5 -362.66666667 12 0.5 364 12 0.5 -362.66666667 13.33333333 0.5 364 13.33333333 0.5 -362.66666667 14.66666667 0.5 364 14.66666667 0.5 -362.66666667 16 0.5 364 16 0.5 -362.66666667 17.33333333 0.5 364 17.33333333 0.5 -362.66666667 18.66666667 0.5 364 18.66666667 0.5 -362.66666667 20 0.5 364 20 0.5 -362.66666667 21.33333333 0.5 364 21.33333333 0.5 -362.66666667 22.66666667 0.5 364 22.66666667 0.5 -362.66666667 24 0.5 364 24 0.5 -362.66666667 25.33333333 0.5 364 25.33333333 0.5 -362.66666667 26.66666667 0.5 364 26.66666667 0.5 -362.66666667 28 0.5 364 28 0.5 -362.66666667 29.33333333 0.5 364 29.33333333 0.5 -362.66666667 30.66666667 0.5 364 30.66666667 0.5 -362.66666667 32 0.5 364 32 0.5 -362.66666667 33.33333333 0.5 364 33.33333333 0.5 -362.66666667 34.66666667 0.5 364 34.66666667 0.5 -362.66666667 36 0.5 364 36 0.5 -362.66666667 37.33333333 0.5 364 37.33333333 0.5 -362.66666667 38.66666667 0.5 364 38.66666667 0.5 -362.66666667 40 0.5 364 40 0.5 -362.66666667 41.33333333 0.5 364 41.33333333 0.5 -362.66666667 42.66666667 0.5 364 42.66666667 0.5 -362.66666667 44 0.5 364 44 0.5 -362.66666667 45.33333333 0.5 364 45.33333333 0.5 -362.66666667 46.66666667 0.5 364 46.66666667 0.5 -362.66666667 48 0.5 364 48 0.5 -362.66666667 49.33333333 0.5 364 49.33333333 0.5 -362.66666667 50.66666667 0.5 364 50.66666667 0.5 -362.66666667 52 0.5 364 52 0.5 -362.66666667 53.33333333 0.5 364 53.33333333 0.5 -362.66666667 54.66666667 0.5 364 54.66666667 0.5 -362.66666667 56 0.5 364 56 0.5 -362.66666667 57.33333333 0.5 364 57.33333333 0.5 -362.66666667 58.66666667 0.5 364 58.66666667 0.5 -362.66666667 60 0.5 364 60 0.5 -362.66666667 61.33333333 0.5 364 61.33333333 0.5 -362.66666667 62.66666667 0.5 364 62.66666667 0.5 -362.66666667 64 0.5 364 64 0.5 -362.66666667 65.33333333 0.5 364 65.33333333 0.5 -362.66666667 66.66666667 0.5 364 66.66666667 0.5 -362.66666667 68 0.5 364 68 0.5 -362.66666667 69.33333333 0.5 364 69.33333333 0.5 -362.66666667 70.66666667 0.5 364 70.66666667 0.5 -362.66666667 72 0.5 364 72 0.5 -362.66666667 73.33333333 0.5 364 73.33333333 0.5 -362.66666667 74.66666667 0.5 364 74.66666667 0.5 -362.66666667 76 0.5 364 76 0.5 -362.66666667 77.33333333 0.5 364 77.33333333 0.5 -362.66666667 78.66666667 0.5 364 78.66666667 0.5 -362.66666667 80 0.5 364 80 0.5 -362.66666667 81.33333333 0.5 364 81.33333333 0.5 -362.66666667 82.66666667 0.5 364 82.66666667 0.5 -362.66666667 84 0.5 364 84 0.5 -362.66666667 85.33333333 0.5 364 85.33333333 0.5 -362.66666667 86.66666667 0.5 364 86.66666667 0.5 -362.66666667 88 0.5 364 88 0.5 -362.66666667 89.33333333 0.5 364 89.33333333 0.5 -362.66666667 90.66666667 0.5 364 90.66666667 0.5 -362.66666667 92 0.5 364 92 0.5 -362.66666667 93.33333333 0.5 364 93.33333333 0.5 -362.66666667 94.66666667 0.5 364 94.66666667 0.5 -362.66666667 96 0.5 364 96 0.5 -362.66666667 97.33333333 0.5 364 97.33333333 0.5 -362.66666667 98.66666667 0.5 364 98.66666667 0.5 -362.66666667 100 0.5 364 100 0.5 -362.66666667 101.33333333 0.5 364 101.33333333 0.5 -362.66666667 102.66666667 0.5 364 102.66666667 0.5 -362.66666667 104 0.5 364 104 0.5 -362.66666667 105.33333333 0.5 364 105.33333333 0.5 -362.66666667 106.66666667 0.5 364 106.66666667 0.5 -362.66666667 108 0.5 364 108 0.5 -362.66666667 109.33333333 0.5 364 109.33333333 0.5 -362.66666667 110.66666667 0.5 364 110.66666667 0.5 -362.66666667 112 0.5 364 112 0.5 -362.66666667 113.33333333 0.5 364 113.33333333 0.5 -362.66666667 114.66666667 0.5 364 114.66666667 0.5 -362.66666667 116 0.5 364 116 0.5 -362.66666667 117.33333333 0.5 364 117.33333333 0.5 -362.66666667 118.66666667 0.5 364 118.66666667 0.5 -362.66666667 120 0.5 364 120 0.5 -362.66666667 121.33333333 0.5 364 121.33333333 0.5 -362.66666667 122.66666667 0.5 364 122.66666667 0.5 -362.66666667 124 0.5 364 124 0.5 -362.66666667 125.33333333 0.5 364 125.33333333 0.5 -362.66666667 126.66666667 0.5 364 126.66666667 0.5 -362.66666667 128 0.5 364 128 0.5 -362.66666667 129.33333333 0.5 364 129.33333333 0.5 -362.66666667 130.66666667 0.5 364 130.66666667 0.5 -362.66666667 132 0.5 364 132 0.5 -362.66666667 133.33333333 0.5 364 133.33333333 0.5 -362.66666667 134.66666667 0.5 364 134.66666667 0.5 -362.66666667 136 0.5 364 136 0.5 -362.66666667 137.33333333 0.5 364 137.33333333 0.5 -362.66666667 138.66666667 0.5 364 138.66666667 0.5 -362.66666667 140 0.5 364 140 0.5 -362.66666667 141.33333333 0.5 364 141.33333333 0.5 -362.66666667 142.66666667 0.5 364 142.66666667 0.5 -362.66666667 144 0.5 364 144 0.5 -362.66666667 145.33333333 0.5 364 145.33333333 0.5 -362.66666667 146.66666667 0.5 364 146.66666667 0.5 -362.66666667 148 0.5 364 148 0.5 -362.66666667 149.33333333 0.5 364 149.33333333 0.5 -362.66666667 150.66666667 0.5 364 150.66666667 0.5 -362.66666667 152 0.5 364 152 0.5 -362.66666667 153.33333333 0.5 364 153.33333333 0.5 -362.66666667 154.66666667 0.5 364 154.66666667 0.5 -362.66666667 156 0.5 364 156 0.5 -362.66666667 157.33333333 0.5 364 157.33333333 0.5 -362.66666667 158.66666667 0.5 364 158.66666667 0.5 -362.66666667 160 0.5 364 160 0.5 -362.66666667 161.33333333 0.5 364 161.33333333 0.5 -362.66666667 162.66666667 0.5 364 162.66666667 0.5 -362.66666667 164 0.5 364 164 0.5 -362.66666667 165.33333333 0.5 364 165.33333333 0.5 -362.66666667 166.66666667 0.5 364 166.66666667 0.5 -362.66666667 168 0.5 364 168 0.5 -362.66666667 169.33333333 0.5 364 169.33333333 0.5 -362.66666667 170.66666667 0.5 364 170.66666667 0.5 -362.66666667 172 0.5 364 172 0.5 -362.66666667 173.33333333 0.5 364 173.33333333 0.5 -362.66666667 174.66666667 0.5 364 174.66666667 0.5 -362.66666667 176 0.5 364 176 0.5 -362.66666667 177.33333333 0.5 364 177.33333333 0.5 -362.66666667 178.66666667 0.5 364 178.66666667 0.5 -362.66666667 180 0.5 364 180 0.5 -362.66666667 181.33333333 0.5 364 181.33333333 0.5 -362.66666667 182.66666667 0.5 364 182.66666667 0.5 -362.66666667 184 0.5 364 184 0.5 -362.66666667 185.33333333 0.5 364 185.33333333 0.5 -362.66666667 186.66666667 0.5 364 186.66666667 0.5 -362.66666667 188 0.5 364 188 0.5 -362.66666667 189.33333333 0.5 364 189.33333333 0.5 -362.66666667 190.66666667 0.5 364 190.66666667 0.5 -362.66666667 192 0.5 364 192 0.5 -362.66666667 193.33333333 0.5 364 193.33333333 0.5 -362.66666667 194.66666667 0.5 364 194.66666667 0.5 -362.66666667 196 0.5 364 196 0.5 -362.66666667 197.33333333 0.5 364 197.33333333 0.5 -362.66666667 198.66666667 0.5 364 198.66666667 0.5 -362.66666667 200 0.5 364 200 0.5 -362.66666667 201.33333333 0.5 364 201.33333333 0.5 -362.66666667 202.66666667 0.5 364 202.66666667 0.5 -362.66666667 204 0.5 364 204 0.5 -362.66666667 205.33333333 0.5 364 205.33333333 0.5 -362.66666667 206.66666667 0.5 364 206.66666667 0.5 -362.66666667 208 0.5 364 208 0.5 -362.66666667 209.33333333 0.5 364 209.33333333 0.5 -362.66666667 210.66666667 0.5 364 210.66666667 0.5 -362.66666667 212 0.5 364 212 0.5 -362.66666667 213.33333333 0.5 364 213.33333333 0.5 -362.66666667 214.66666667 0.5 364 214.66666667 0.5 -362.66666667 216 0.5 364 216 0.5 -362.66666667 217.33333333 0.5 364 217.33333333 0.5 -362.66666667 218.66666667 0.5 364 218.66666667 0.5 -362.66666667 220 0.5 364 220 0.5 -362.66666667 221.33333333 0.5 364 221.33333333 0.5 -362.66666667 222.66666667 0.5 364 222.66666667 0.5 -362.66666667 224 0.5 364 224 0.5 -362.66666667 225.33333333 0.5 364 225.33333333 0.5 -362.66666667 226.66666667 0.5 364 226.66666667 0.5 -364 -228 -0.5 -364 -226.66666667 -0.5 -362.66666667 -228 -0.5 -361.33333333 -228 -0.5 -360 -228 -0.5 -358.66666667 -228 -0.5 -357.33333333 -228 -0.5 -356 -228 -0.5 -354.66666667 -228 -0.5 -353.33333333 -228 -0.5 -352 -228 -0.5 -350.66666667 -228 -0.5 -349.33333333 -228 -0.5 -348 -228 -0.5 -346.66666667 -228 -0.5 -345.33333333 -228 -0.5 -344 -228 -0.5 -342.66666667 -228 -0.5 -341.33333333 -228 -0.5 -340 -228 -0.5 -338.66666667 -228 -0.5 -337.33333333 -228 -0.5 -336 -228 -0.5 -334.66666667 -228 -0.5 -333.33333333 -228 -0.5 -332 -228 -0.5 -330.66666667 -228 -0.5 -329.33333333 -228 -0.5 -328 -228 -0.5 -326.66666667 -228 -0.5 -325.33333333 -228 -0.5 -324 -228 -0.5 -322.66666667 -228 -0.5 -321.33333333 -228 -0.5 -320 -228 -0.5 -318.66666667 -228 -0.5 -317.33333333 -228 -0.5 -316 -228 -0.5 -314.66666667 -228 -0.5 -313.33333333 -228 -0.5 -312 -228 -0.5 -310.66666667 -228 -0.5 -309.33333333 -228 -0.5 -308 -228 -0.5 -306.66666667 -228 -0.5 -305.33333333 -228 -0.5 -304 -228 -0.5 -302.66666667 -228 -0.5 -301.33333333 -228 -0.5 -300 -228 -0.5 -298.66666667 -228 -0.5 -297.33333333 -228 -0.5 -296 -228 -0.5 -294.66666667 -228 -0.5 -293.33333333 -228 -0.5 -292 -228 -0.5 -290.66666667 -228 -0.5 -289.33333333 -228 -0.5 -288 -228 -0.5 -286.66666667 -228 -0.5 -285.33333333 -228 -0.5 -284 -228 -0.5 -282.66666667 -228 -0.5 -281.33333333 -228 -0.5 -280 -228 -0.5 -278.66666667 -228 -0.5 -277.33333333 -228 -0.5 -276 -228 -0.5 -274.66666667 -228 -0.5 -273.33333333 -228 -0.5 -272 -228 -0.5 -270.66666667 -228 -0.5 -269.33333333 -228 -0.5 -268 -228 -0.5 -266.66666667 -228 -0.5 -265.33333333 -228 -0.5 -264 -228 -0.5 -262.66666667 -228 -0.5 -261.33333333 -228 -0.5 -260 -228 -0.5 -258.66666667 -228 -0.5 -257.33333333 -228 -0.5 -256 -228 -0.5 -254.66666667 -228 -0.5 -253.33333333 -228 -0.5 -252 -228 -0.5 -250.66666667 -228 -0.5 -249.33333333 -228 -0.5 -248 -228 -0.5 -246.66666667 -228 -0.5 -245.33333333 -228 -0.5 -244 -228 -0.5 -242.66666667 -228 -0.5 -241.33333333 -228 -0.5 -240 -228 -0.5 -238.66666667 -228 -0.5 -237.33333333 -228 -0.5 -236 -228 -0.5 -234.66666667 -228 -0.5 -233.33333333 -228 -0.5 -232 -228 -0.5 -230.66666667 -228 -0.5 -229.33333333 -228 -0.5 -228 -228 -0.5 -226.66666667 -228 -0.5 -225.33333333 -228 -0.5 -224 -228 -0.5 -222.66666667 -228 -0.5 -221.33333333 -228 -0.5 -220 -228 -0.5 -218.66666667 -228 -0.5 -217.33333333 -228 -0.5 -216 -228 -0.5 -214.66666667 -228 -0.5 -213.33333333 -228 -0.5 -212 -228 -0.5 -210.66666667 -228 -0.5 -209.33333333 -228 -0.5 -208 -228 -0.5 -206.66666667 -228 -0.5 -205.33333333 -228 -0.5 -204 -228 -0.5 -202.66666667 -228 -0.5 -201.33333333 -228 -0.5 -200 -228 -0.5 -198.66666667 -228 -0.5 -197.33333333 -228 -0.5 -196 -228 -0.5 -194.66666667 -228 -0.5 -193.33333333 -228 -0.5 -192 -228 -0.5 -190.66666667 -228 -0.5 -189.33333333 -228 -0.5 -188 -228 -0.5 -186.66666667 -228 -0.5 -185.33333333 -228 -0.5 -184 -228 -0.5 -182.66666667 -228 -0.5 -181.33333333 -228 -0.5 -180 -228 -0.5 -178.66666667 -228 -0.5 -177.33333333 -228 -0.5 -176 -228 -0.5 -174.66666667 -228 -0.5 -173.33333333 -228 -0.5 -172 -228 -0.5 -170.66666667 -228 -0.5 -169.33333333 -228 -0.5 -168 -228 -0.5 -166.66666667 -228 -0.5 -165.33333333 -228 -0.5 -164 -228 -0.5 -162.66666667 -228 -0.5 -161.33333333 -228 -0.5 -160 -228 -0.5 -158.66666667 -228 -0.5 -157.33333333 -228 -0.5 -156 -228 -0.5 -154.66666667 -228 -0.5 -153.33333333 -228 -0.5 -152 -228 -0.5 -150.66666667 -228 -0.5 -149.33333333 -228 -0.5 -148 -228 -0.5 -146.66666667 -228 -0.5 -145.33333333 -228 -0.5 -144 -228 -0.5 -142.66666667 -228 -0.5 -141.33333333 -228 -0.5 -140 -228 -0.5 -138.66666667 -228 -0.5 -137.33333333 -228 -0.5 -136 -228 -0.5 -134.66666667 -228 -0.5 -133.33333333 -228 -0.5 -132 -228 -0.5 -130.66666667 -228 -0.5 -129.33333333 -228 -0.5 -128 -228 -0.5 -126.66666667 -228 -0.5 -125.33333333 -228 -0.5 -124 -228 -0.5 -122.66666667 -228 -0.5 -121.33333333 -228 -0.5 -120 -228 -0.5 -118.66666667 -228 -0.5 -117.33333333 -228 -0.5 -116 -228 -0.5 -114.66666667 -228 -0.5 -113.33333333 -228 -0.5 -112 -228 -0.5 -110.66666667 -228 -0.5 -109.33333333 -228 -0.5 -108 -228 -0.5 -106.66666667 -228 -0.5 -105.33333333 -228 -0.5 -104 -228 -0.5 -102.66666667 -228 -0.5 -101.33333333 -228 -0.5 -100 -228 -0.5 -98.66666667 -228 -0.5 -97.33333333 -228 -0.5 -96 -228 -0.5 -94.66666667 -228 -0.5 -93.33333333 -228 -0.5 -92 -228 -0.5 -90.66666667 -228 -0.5 -89.33333333 -228 -0.5 -88 -228 -0.5 -86.66666667 -228 -0.5 -85.33333333 -228 -0.5 -84 -228 -0.5 -82.66666667 -228 -0.5 -81.33333333 -228 -0.5 -80 -228 -0.5 -78.66666667 -228 -0.5 -77.33333333 -228 -0.5 -76 -228 -0.5 -74.66666667 -228 -0.5 -73.33333333 -228 -0.5 -72 -228 -0.5 -70.66666667 -228 -0.5 -69.33333333 -228 -0.5 -68 -228 -0.5 -66.66666667 -228 -0.5 -65.33333333 -228 -0.5 -64 -228 -0.5 -62.66666667 -228 -0.5 -61.33333333 -228 -0.5 -60 -228 -0.5 -58.66666667 -228 -0.5 -57.33333333 -228 -0.5 -56 -228 -0.5 -54.66666667 -228 -0.5 -53.33333333 -228 -0.5 -52 -228 -0.5 -50.66666667 -228 -0.5 -49.33333333 -228 -0.5 -48 -228 -0.5 -46.66666667 -228 -0.5 -45.33333333 -228 -0.5 -44 -228 -0.5 -42.66666667 -228 -0.5 -41.33333333 -228 -0.5 -40 -228 -0.5 -38.66666667 -228 -0.5 -37.33333333 -228 -0.5 -36 -228 -0.5 -34.66666667 -228 -0.5 -33.33333333 -228 -0.5 -32 -228 -0.5 -30.66666667 -228 -0.5 -29.33333333 -228 -0.5 -28 -228 -0.5 -26.66666667 -228 -0.5 -25.33333333 -228 -0.5 -24 -228 -0.5 -22.66666667 -228 -0.5 -21.33333333 -228 -0.5 -20 -228 -0.5 -18.66666667 -228 -0.5 -17.33333333 -228 -0.5 -16 -228 -0.5 -14.66666667 -228 -0.5 -13.33333333 -228 -0.5 -12 -228 -0.5 -10.66666667 -228 -0.5 -9.33333333 -228 -0.5 -8 -228 -0.5 -6.66666667 -228 -0.5 -5.33333333 -228 -0.5 -4 -228 -0.5 -2.66666667 -228 -0.5 -1.33333333 -228 -0.5 0 -228 -0.5 1.33333333 -228 -0.5 2.66666667 -228 -0.5 4 -228 -0.5 5.33333333 -228 -0.5 6.66666667 -228 -0.5 8 -228 -0.5 9.33333333 -228 -0.5 10.66666667 -228 -0.5 12 -228 -0.5 13.33333333 -228 -0.5 14.66666667 -228 -0.5 16 -228 -0.5 17.33333333 -228 -0.5 18.66666667 -228 -0.5 20 -228 -0.5 21.33333333 -228 -0.5 22.66666667 -228 -0.5 24 -228 -0.5 25.33333333 -228 -0.5 26.66666667 -228 -0.5 28 -228 -0.5 29.33333333 -228 -0.5 30.66666667 -228 -0.5 32 -228 -0.5 33.33333333 -228 -0.5 34.66666667 -228 -0.5 36 -228 -0.5 37.33333333 -228 -0.5 38.66666667 -228 -0.5 40 -228 -0.5 41.33333333 -228 -0.5 42.66666667 -228 -0.5 44 -228 -0.5 45.33333333 -228 -0.5 46.66666667 -228 -0.5 48 -228 -0.5 49.33333333 -228 -0.5 50.66666667 -228 -0.5 52 -228 -0.5 53.33333333 -228 -0.5 54.66666667 -228 -0.5 56 -228 -0.5 57.33333333 -228 -0.5 58.66666667 -228 -0.5 60 -228 -0.5 61.33333333 -228 -0.5 62.66666667 -228 -0.5 64 -228 -0.5 65.33333333 -228 -0.5 66.66666667 -228 -0.5 68 -228 -0.5 69.33333333 -228 -0.5 70.66666667 -228 -0.5 72 -228 -0.5 73.33333333 -228 -0.5 74.66666667 -228 -0.5 76 -228 -0.5 77.33333333 -228 -0.5 78.66666667 -228 -0.5 80 -228 -0.5 81.33333333 -228 -0.5 82.66666667 -228 -0.5 84 -228 -0.5 85.33333333 -228 -0.5 86.66666667 -228 -0.5 88 -228 -0.5 89.33333333 -228 -0.5 90.66666667 -228 -0.5 92 -228 -0.5 93.33333333 -228 -0.5 94.66666667 -228 -0.5 96 -228 -0.5 97.33333333 -228 -0.5 98.66666667 -228 -0.5 100 -228 -0.5 101.33333333 -228 -0.5 102.66666667 -228 -0.5 104 -228 -0.5 105.33333333 -228 -0.5 106.66666667 -228 -0.5 108 -228 -0.5 109.33333333 -228 -0.5 110.66666667 -228 -0.5 112 -228 -0.5 113.33333333 -228 -0.5 114.66666667 -228 -0.5 116 -228 -0.5 117.33333333 -228 -0.5 118.66666667 -228 -0.5 120 -228 -0.5 121.33333333 -228 -0.5 122.66666667 -228 -0.5 124 -228 -0.5 125.33333333 -228 -0.5 126.66666667 -228 -0.5 128 -228 -0.5 129.33333333 -228 -0.5 130.66666667 -228 -0.5 132 -228 -0.5 133.33333333 -228 -0.5 134.66666667 -228 -0.5 136 -228 -0.5 137.33333333 -228 -0.5 138.66666667 -228 -0.5 140 -228 -0.5 141.33333333 -228 -0.5 142.66666667 -228 -0.5 144 -228 -0.5 145.33333333 -228 -0.5 146.66666667 -228 -0.5 148 -228 -0.5 149.33333333 -228 -0.5 150.66666667 -228 -0.5 152 -228 -0.5 153.33333333 -228 -0.5 154.66666667 -228 -0.5 156 -228 -0.5 157.33333333 -228 -0.5 158.66666667 -228 -0.5 160 -228 -0.5 161.33333333 -228 -0.5 162.66666667 -228 -0.5 164 -228 -0.5 165.33333333 -228 -0.5 166.66666667 -228 -0.5 168 -228 -0.5 169.33333333 -228 -0.5 170.66666667 -228 -0.5 172 -228 -0.5 173.33333333 -228 -0.5 174.66666667 -228 -0.5 176 -228 -0.5 177.33333333 -228 -0.5 178.66666667 -228 -0.5 180 -228 -0.5 181.33333333 -228 -0.5 182.66666667 -228 -0.5 184 -228 -0.5 185.33333333 -228 -0.5 186.66666667 -228 -0.5 188 -228 -0.5 189.33333333 -228 -0.5 190.66666667 -228 -0.5 192 -228 -0.5 193.33333333 -228 -0.5 194.66666667 -228 -0.5 196 -228 -0.5 197.33333333 -228 -0.5 198.66666667 -228 -0.5 200 -228 -0.5 201.33333333 -228 -0.5 202.66666667 -228 -0.5 204 -228 -0.5 205.33333333 -228 -0.5 206.66666667 -228 -0.5 208 -228 -0.5 209.33333333 -228 -0.5 210.66666667 -228 -0.5 212 -228 -0.5 213.33333333 -228 -0.5 214.66666667 -228 -0.5 216 -228 -0.5 217.33333333 -228 -0.5 218.66666667 -228 -0.5 220 -228 -0.5 221.33333333 -228 -0.5 222.66666667 -228 -0.5 224 -228 -0.5 225.33333333 -228 -0.5 226.66666667 -228 -0.5 228 -228 -0.5 229.33333333 -228 -0.5 230.66666667 -228 -0.5 232 -228 -0.5 233.33333333 -228 -0.5 234.66666667 -228 -0.5 236 -228 -0.5 237.33333333 -228 -0.5 238.66666667 -228 -0.5 240 -228 -0.5 241.33333333 -228 -0.5 242.66666667 -228 -0.5 244 -228 -0.5 245.33333333 -228 -0.5 246.66666667 -228 -0.5 248 -228 -0.5 249.33333333 -228 -0.5 250.66666667 -228 -0.5 252 -228 -0.5 253.33333333 -228 -0.5 254.66666667 -228 -0.5 256 -228 -0.5 257.33333333 -228 -0.5 258.66666667 -228 -0.5 260 -228 -0.5 261.33333333 -228 -0.5 262.66666667 -228 -0.5 264 -228 -0.5 265.33333333 -228 -0.5 266.66666667 -228 -0.5 268 -228 -0.5 269.33333333 -228 -0.5 270.66666667 -228 -0.5 272 -228 -0.5 273.33333333 -228 -0.5 274.66666667 -228 -0.5 276 -228 -0.5 277.33333333 -228 -0.5 278.66666667 -228 -0.5 280 -228 -0.5 281.33333333 -228 -0.5 282.66666667 -228 -0.5 284 -228 -0.5 285.33333333 -228 -0.5 286.66666667 -228 -0.5 288 -228 -0.5 289.33333333 -228 -0.5 290.66666667 -228 -0.5 292 -228 -0.5 293.33333333 -228 -0.5 294.66666667 -228 -0.5 296 -228 -0.5 297.33333333 -228 -0.5 298.66666667 -228 -0.5 300 -228 -0.5 301.33333333 -228 -0.5 302.66666667 -228 -0.5 304 -228 -0.5 305.33333333 -228 -0.5 306.66666667 -228 -0.5 308 -228 -0.5 309.33333333 -228 -0.5 310.66666667 -228 -0.5 312 -228 -0.5 313.33333333 -228 -0.5 314.66666667 -228 -0.5 316 -228 -0.5 317.33333333 -228 -0.5 318.66666667 -228 -0.5 320 -228 -0.5 321.33333333 -228 -0.5 322.66666667 -228 -0.5 324 -228 -0.5 325.33333333 -228 -0.5 326.66666667 -228 -0.5 328 -228 -0.5 329.33333333 -228 -0.5 330.66666667 -228 -0.5 332 -228 -0.5 333.33333333 -228 -0.5 334.66666667 -228 -0.5 336 -228 -0.5 337.33333333 -228 -0.5 338.66666667 -228 -0.5 340 -228 -0.5 341.33333333 -228 -0.5 342.66666667 -228 -0.5 344 -228 -0.5 345.33333333 -228 -0.5 346.66666667 -228 -0.5 348 -228 -0.5 349.33333333 -228 -0.5 350.66666667 -228 -0.5 352 -228 -0.5 353.33333333 -228 -0.5 354.66666667 -228 -0.5 356 -228 -0.5 357.33333333 -228 -0.5 358.66666667 -228 -0.5 360 -228 -0.5 361.33333333 -228 -0.5 362.66666667 -228 -0.5 364 -228 -0.5 365.33333333 -226.66666667 -0.5 365.33333333 -228 -0.5 -364 -225.33333333 -0.5 365.33333333 -225.33333333 -0.5 -364 -224 -0.5 365.33333333 -224 -0.5 -364 -222.66666667 -0.5 365.33333333 -222.66666667 -0.5 -364 -221.33333333 -0.5 365.33333333 -221.33333333 -0.5 -364 -220 -0.5 365.33333333 -220 -0.5 -364 -218.66666667 -0.5 365.33333333 -218.66666667 -0.5 -364 -217.33333333 -0.5 365.33333333 -217.33333333 -0.5 -364 -216 -0.5 365.33333333 -216 -0.5 -364 -214.66666667 -0.5 365.33333333 -214.66666667 -0.5 -364 -213.33333333 -0.5 365.33333333 -213.33333333 -0.5 -364 -212 -0.5 365.33333333 -212 -0.5 -364 -210.66666667 -0.5 365.33333333 -210.66666667 -0.5 -364 -209.33333333 -0.5 365.33333333 -209.33333333 -0.5 -364 -208 -0.5 365.33333333 -208 -0.5 -364 -206.66666667 -0.5 365.33333333 -206.66666667 -0.5 -364 -205.33333333 -0.5 365.33333333 -205.33333333 -0.5 -364 -204 -0.5 365.33333333 -204 -0.5 -364 -202.66666667 -0.5 365.33333333 -202.66666667 -0.5 -364 -201.33333333 -0.5 365.33333333 -201.33333333 -0.5 -364 -200 -0.5 365.33333333 -200 -0.5 -364 -198.66666667 -0.5 365.33333333 -198.66666667 -0.5 -364 -197.33333333 -0.5 365.33333333 -197.33333333 -0.5 -364 -196 -0.5 365.33333333 -196 -0.5 -364 -194.66666667 -0.5 365.33333333 -194.66666667 -0.5 -364 -193.33333333 -0.5 365.33333333 -193.33333333 -0.5 -364 -192 -0.5 365.33333333 -192 -0.5 -364 -190.66666667 -0.5 365.33333333 -190.66666667 -0.5 -364 -189.33333333 -0.5 365.33333333 -189.33333333 -0.5 -364 -188 -0.5 365.33333333 -188 -0.5 -364 -186.66666667 -0.5 365.33333333 -186.66666667 -0.5 -364 -185.33333333 -0.5 365.33333333 -185.33333333 -0.5 -364 -184 -0.5 365.33333333 -184 -0.5 -364 -182.66666667 -0.5 365.33333333 -182.66666667 -0.5 -364 -181.33333333 -0.5 365.33333333 -181.33333333 -0.5 -364 -180 -0.5 365.33333333 -180 -0.5 -364 -178.66666667 -0.5 365.33333333 -178.66666667 -0.5 -364 -177.33333333 -0.5 365.33333333 -177.33333333 -0.5 -364 -176 -0.5 365.33333333 -176 -0.5 -364 -174.66666667 -0.5 365.33333333 -174.66666667 -0.5 -364 -173.33333333 -0.5 365.33333333 -173.33333333 -0.5 -364 -172 -0.5 365.33333333 -172 -0.5 -364 -170.66666667 -0.5 365.33333333 -170.66666667 -0.5 -364 -169.33333333 -0.5 365.33333333 -169.33333333 -0.5 -364 -168 -0.5 365.33333333 -168 -0.5 -364 -166.66666667 -0.5 365.33333333 -166.66666667 -0.5 -364 -165.33333333 -0.5 365.33333333 -165.33333333 -0.5 -364 -164 -0.5 365.33333333 -164 -0.5 -364 -162.66666667 -0.5 365.33333333 -162.66666667 -0.5 -364 -161.33333333 -0.5 365.33333333 -161.33333333 -0.5 -364 -160 -0.5 365.33333333 -160 -0.5 -364 -158.66666667 -0.5 365.33333333 -158.66666667 -0.5 -364 -157.33333333 -0.5 365.33333333 -157.33333333 -0.5 -364 -156 -0.5 365.33333333 -156 -0.5 -364 -154.66666667 -0.5 365.33333333 -154.66666667 -0.5 -364 -153.33333333 -0.5 365.33333333 -153.33333333 -0.5 -364 -152 -0.5 365.33333333 -152 -0.5 -364 -150.66666667 -0.5 365.33333333 -150.66666667 -0.5 -364 -149.33333333 -0.5 365.33333333 -149.33333333 -0.5 -364 -148 -0.5 365.33333333 -148 -0.5 -364 -146.66666667 -0.5 365.33333333 -146.66666667 -0.5 -364 -145.33333333 -0.5 365.33333333 -145.33333333 -0.5 -364 -144 -0.5 365.33333333 -144 -0.5 -364 -142.66666667 -0.5 365.33333333 -142.66666667 -0.5 -364 -141.33333333 -0.5 365.33333333 -141.33333333 -0.5 -364 -140 -0.5 365.33333333 -140 -0.5 -364 -138.66666667 -0.5 365.33333333 -138.66666667 -0.5 -364 -137.33333333 -0.5 365.33333333 -137.33333333 -0.5 -364 -136 -0.5 365.33333333 -136 -0.5 -364 -134.66666667 -0.5 365.33333333 -134.66666667 -0.5 -364 -133.33333333 -0.5 365.33333333 -133.33333333 -0.5 -364 -132 -0.5 365.33333333 -132 -0.5 -364 -130.66666667 -0.5 365.33333333 -130.66666667 -0.5 -364 -129.33333333 -0.5 365.33333333 -129.33333333 -0.5 -364 -128 -0.5 365.33333333 -128 -0.5 -364 -126.66666667 -0.5 365.33333333 -126.66666667 -0.5 -364 -125.33333333 -0.5 365.33333333 -125.33333333 -0.5 -364 -124 -0.5 365.33333333 -124 -0.5 -364 -122.66666667 -0.5 365.33333333 -122.66666667 -0.5 -364 -121.33333333 -0.5 365.33333333 -121.33333333 -0.5 -364 -120 -0.5 365.33333333 -120 -0.5 -364 -118.66666667 -0.5 365.33333333 -118.66666667 -0.5 -364 -117.33333333 -0.5 365.33333333 -117.33333333 -0.5 -364 -116 -0.5 365.33333333 -116 -0.5 -364 -114.66666667 -0.5 365.33333333 -114.66666667 -0.5 -364 -113.33333333 -0.5 365.33333333 -113.33333333 -0.5 -364 -112 -0.5 365.33333333 -112 -0.5 -364 -110.66666667 -0.5 365.33333333 -110.66666667 -0.5 -364 -109.33333333 -0.5 365.33333333 -109.33333333 -0.5 -364 -108 -0.5 365.33333333 -108 -0.5 -364 -106.66666667 -0.5 365.33333333 -106.66666667 -0.5 -364 -105.33333333 -0.5 365.33333333 -105.33333333 -0.5 -364 -104 -0.5 365.33333333 -104 -0.5 -364 -102.66666667 -0.5 365.33333333 -102.66666667 -0.5 -364 -101.33333333 -0.5 365.33333333 -101.33333333 -0.5 -364 -100 -0.5 365.33333333 -100 -0.5 -364 -98.66666667 -0.5 365.33333333 -98.66666667 -0.5 -364 -97.33333333 -0.5 365.33333333 -97.33333333 -0.5 -364 -96 -0.5 365.33333333 -96 -0.5 -364 -94.66666667 -0.5 365.33333333 -94.66666667 -0.5 -364 -93.33333333 -0.5 365.33333333 -93.33333333 -0.5 -364 -92 -0.5 365.33333333 -92 -0.5 -364 -90.66666667 -0.5 365.33333333 -90.66666667 -0.5 -364 -89.33333333 -0.5 365.33333333 -89.33333333 -0.5 -364 -88 -0.5 365.33333333 -88 -0.5 -364 -86.66666667 -0.5 365.33333333 -86.66666667 -0.5 -364 -85.33333333 -0.5 365.33333333 -85.33333333 -0.5 -364 -84 -0.5 365.33333333 -84 -0.5 -364 -82.66666667 -0.5 365.33333333 -82.66666667 -0.5 -364 -81.33333333 -0.5 365.33333333 -81.33333333 -0.5 -364 -80 -0.5 365.33333333 -80 -0.5 -364 -78.66666667 -0.5 365.33333333 -78.66666667 -0.5 -364 -77.33333333 -0.5 365.33333333 -77.33333333 -0.5 -364 -76 -0.5 365.33333333 -76 -0.5 -364 -74.66666667 -0.5 365.33333333 -74.66666667 -0.5 -364 -73.33333333 -0.5 365.33333333 -73.33333333 -0.5 -364 -72 -0.5 365.33333333 -72 -0.5 -364 -70.66666667 -0.5 365.33333333 -70.66666667 -0.5 -364 -69.33333333 -0.5 365.33333333 -69.33333333 -0.5 -364 -68 -0.5 365.33333333 -68 -0.5 -364 -66.66666667 -0.5 365.33333333 -66.66666667 -0.5 -364 -65.33333333 -0.5 365.33333333 -65.33333333 -0.5 -364 -64 -0.5 365.33333333 -64 -0.5 -364 -62.66666667 -0.5 365.33333333 -62.66666667 -0.5 -364 -61.33333333 -0.5 365.33333333 -61.33333333 -0.5 -364 -60 -0.5 365.33333333 -60 -0.5 -364 -58.66666667 -0.5 365.33333333 -58.66666667 -0.5 -364 -57.33333333 -0.5 365.33333333 -57.33333333 -0.5 -364 -56 -0.5 365.33333333 -56 -0.5 -364 -54.66666667 -0.5 365.33333333 -54.66666667 -0.5 -364 -53.33333333 -0.5 365.33333333 -53.33333333 -0.5 -364 -52 -0.5 365.33333333 -52 -0.5 -364 -50.66666667 -0.5 365.33333333 -50.66666667 -0.5 -364 -49.33333333 -0.5 365.33333333 -49.33333333 -0.5 -364 -48 -0.5 365.33333333 -48 -0.5 -364 -46.66666667 -0.5 365.33333333 -46.66666667 -0.5 -364 -45.33333333 -0.5 365.33333333 -45.33333333 -0.5 -364 -44 -0.5 365.33333333 -44 -0.5 -364 -42.66666667 -0.5 365.33333333 -42.66666667 -0.5 -364 -41.33333333 -0.5 365.33333333 -41.33333333 -0.5 -364 -40 -0.5 365.33333333 -40 -0.5 -364 -38.66666667 -0.5 365.33333333 -38.66666667 -0.5 -364 -37.33333333 -0.5 365.33333333 -37.33333333 -0.5 -364 -36 -0.5 365.33333333 -36 -0.5 -364 -34.66666667 -0.5 365.33333333 -34.66666667 -0.5 -364 -33.33333333 -0.5 365.33333333 -33.33333333 -0.5 -364 -32 -0.5 365.33333333 -32 -0.5 -364 -30.66666667 -0.5 365.33333333 -30.66666667 -0.5 -364 -29.33333333 -0.5 365.33333333 -29.33333333 -0.5 -364 -28 -0.5 365.33333333 -28 -0.5 -364 -26.66666667 -0.5 365.33333333 -26.66666667 -0.5 -364 -25.33333333 -0.5 365.33333333 -25.33333333 -0.5 -364 -24 -0.5 365.33333333 -24 -0.5 -364 -22.66666667 -0.5 365.33333333 -22.66666667 -0.5 -364 -21.33333333 -0.5 365.33333333 -21.33333333 -0.5 -364 -20 -0.5 365.33333333 -20 -0.5 -364 -18.66666667 -0.5 365.33333333 -18.66666667 -0.5 -364 -17.33333333 -0.5 365.33333333 -17.33333333 -0.5 -364 -16 -0.5 365.33333333 -16 -0.5 -364 -14.66666667 -0.5 365.33333333 -14.66666667 -0.5 -364 -13.33333333 -0.5 365.33333333 -13.33333333 -0.5 -364 -12 -0.5 365.33333333 -12 -0.5 -364 -10.66666667 -0.5 365.33333333 -10.66666667 -0.5 -364 -9.33333333 -0.5 365.33333333 -9.33333333 -0.5 -364 -8 -0.5 365.33333333 -8 -0.5 -364 -6.66666667 -0.5 365.33333333 -6.66666667 -0.5 -364 -5.33333333 -0.5 365.33333333 -5.33333333 -0.5 -364 -4 -0.5 365.33333333 -4 -0.5 -364 -2.66666667 -0.5 365.33333333 -2.66666667 -0.5 -364 -1.33333333 -0.5 365.33333333 -1.33333333 -0.5 -364 0 -0.5 365.33333333 0 -0.5 -364 1.33333333 -0.5 365.33333333 1.33333333 -0.5 -364 2.66666667 -0.5 365.33333333 2.66666667 -0.5 -364 4 -0.5 365.33333333 4 -0.5 -364 5.33333333 -0.5 365.33333333 5.33333333 -0.5 -364 6.66666667 -0.5 365.33333333 6.66666667 -0.5 -364 8 -0.5 365.33333333 8 -0.5 -364 9.33333333 -0.5 365.33333333 9.33333333 -0.5 -364 10.66666667 -0.5 365.33333333 10.66666667 -0.5 -364 12 -0.5 365.33333333 12 -0.5 -364 13.33333333 -0.5 365.33333333 13.33333333 -0.5 -364 14.66666667 -0.5 365.33333333 14.66666667 -0.5 -364 16 -0.5 365.33333333 16 -0.5 -364 17.33333333 -0.5 365.33333333 17.33333333 -0.5 -364 18.66666667 -0.5 365.33333333 18.66666667 -0.5 -364 20 -0.5 365.33333333 20 -0.5 -364 21.33333333 -0.5 365.33333333 21.33333333 -0.5 -364 22.66666667 -0.5 365.33333333 22.66666667 -0.5 -364 24 -0.5 365.33333333 24 -0.5 -364 25.33333333 -0.5 365.33333333 25.33333333 -0.5 -364 26.66666667 -0.5 365.33333333 26.66666667 -0.5 -364 28 -0.5 365.33333333 28 -0.5 -364 29.33333333 -0.5 365.33333333 29.33333333 -0.5 -364 30.66666667 -0.5 365.33333333 30.66666667 -0.5 -364 32 -0.5 365.33333333 32 -0.5 -364 33.33333333 -0.5 365.33333333 33.33333333 -0.5 -364 34.66666667 -0.5 365.33333333 34.66666667 -0.5 -364 36 -0.5 365.33333333 36 -0.5 -364 37.33333333 -0.5 365.33333333 37.33333333 -0.5 -364 38.66666667 -0.5 365.33333333 38.66666667 -0.5 -364 40 -0.5 365.33333333 40 -0.5 -364 41.33333333 -0.5 365.33333333 41.33333333 -0.5 -364 42.66666667 -0.5 365.33333333 42.66666667 -0.5 -364 44 -0.5 365.33333333 44 -0.5 -364 45.33333333 -0.5 365.33333333 45.33333333 -0.5 -364 46.66666667 -0.5 365.33333333 46.66666667 -0.5 -364 48 -0.5 365.33333333 48 -0.5 -364 49.33333333 -0.5 365.33333333 49.33333333 -0.5 -364 50.66666667 -0.5 365.33333333 50.66666667 -0.5 -364 52 -0.5 365.33333333 52 -0.5 -364 53.33333333 -0.5 365.33333333 53.33333333 -0.5 -364 54.66666667 -0.5 365.33333333 54.66666667 -0.5 -364 56 -0.5 365.33333333 56 -0.5 -364 57.33333333 -0.5 365.33333333 57.33333333 -0.5 -364 58.66666667 -0.5 365.33333333 58.66666667 -0.5 -364 60 -0.5 365.33333333 60 -0.5 -364 61.33333333 -0.5 365.33333333 61.33333333 -0.5 -364 62.66666667 -0.5 365.33333333 62.66666667 -0.5 -364 64 -0.5 365.33333333 64 -0.5 -364 65.33333333 -0.5 365.33333333 65.33333333 -0.5 -364 66.66666667 -0.5 365.33333333 66.66666667 -0.5 -364 68 -0.5 365.33333333 68 -0.5 -364 69.33333333 -0.5 365.33333333 69.33333333 -0.5 -364 70.66666667 -0.5 365.33333333 70.66666667 -0.5 -364 72 -0.5 365.33333333 72 -0.5 -364 73.33333333 -0.5 365.33333333 73.33333333 -0.5 -364 74.66666667 -0.5 365.33333333 74.66666667 -0.5 -364 76 -0.5 365.33333333 76 -0.5 -364 77.33333333 -0.5 365.33333333 77.33333333 -0.5 -364 78.66666667 -0.5 365.33333333 78.66666667 -0.5 -364 80 -0.5 365.33333333 80 -0.5 -364 81.33333333 -0.5 365.33333333 81.33333333 -0.5 -364 82.66666667 -0.5 365.33333333 82.66666667 -0.5 -364 84 -0.5 365.33333333 84 -0.5 -364 85.33333333 -0.5 365.33333333 85.33333333 -0.5 -364 86.66666667 -0.5 365.33333333 86.66666667 -0.5 -364 88 -0.5 365.33333333 88 -0.5 -364 89.33333333 -0.5 365.33333333 89.33333333 -0.5 -364 90.66666667 -0.5 365.33333333 90.66666667 -0.5 -364 92 -0.5 365.33333333 92 -0.5 -364 93.33333333 -0.5 365.33333333 93.33333333 -0.5 -364 94.66666667 -0.5 365.33333333 94.66666667 -0.5 -364 96 -0.5 365.33333333 96 -0.5 -364 97.33333333 -0.5 365.33333333 97.33333333 -0.5 -364 98.66666667 -0.5 365.33333333 98.66666667 -0.5 -364 100 -0.5 365.33333333 100 -0.5 -364 101.33333333 -0.5 365.33333333 101.33333333 -0.5 -364 102.66666667 -0.5 365.33333333 102.66666667 -0.5 -364 104 -0.5 365.33333333 104 -0.5 -364 105.33333333 -0.5 365.33333333 105.33333333 -0.5 -364 106.66666667 -0.5 365.33333333 106.66666667 -0.5 -364 108 -0.5 365.33333333 108 -0.5 -364 109.33333333 -0.5 365.33333333 109.33333333 -0.5 -364 110.66666667 -0.5 365.33333333 110.66666667 -0.5 -364 112 -0.5 365.33333333 112 -0.5 -364 113.33333333 -0.5 365.33333333 113.33333333 -0.5 -364 114.66666667 -0.5 365.33333333 114.66666667 -0.5 -364 116 -0.5 365.33333333 116 -0.5 -364 117.33333333 -0.5 365.33333333 117.33333333 -0.5 -364 118.66666667 -0.5 365.33333333 118.66666667 -0.5 -364 120 -0.5 365.33333333 120 -0.5 -364 121.33333333 -0.5 365.33333333 121.33333333 -0.5 -364 122.66666667 -0.5 365.33333333 122.66666667 -0.5 -364 124 -0.5 365.33333333 124 -0.5 -364 125.33333333 -0.5 365.33333333 125.33333333 -0.5 -364 126.66666667 -0.5 365.33333333 126.66666667 -0.5 -364 128 -0.5 365.33333333 128 -0.5 -364 129.33333333 -0.5 365.33333333 129.33333333 -0.5 -364 130.66666667 -0.5 365.33333333 130.66666667 -0.5 -364 132 -0.5 365.33333333 132 -0.5 -364 133.33333333 -0.5 365.33333333 133.33333333 -0.5 -364 134.66666667 -0.5 365.33333333 134.66666667 -0.5 -364 136 -0.5 365.33333333 136 -0.5 -364 137.33333333 -0.5 365.33333333 137.33333333 -0.5 -364 138.66666667 -0.5 365.33333333 138.66666667 -0.5 -364 140 -0.5 365.33333333 140 -0.5 -364 141.33333333 -0.5 365.33333333 141.33333333 -0.5 -364 142.66666667 -0.5 365.33333333 142.66666667 -0.5 -364 144 -0.5 365.33333333 144 -0.5 -364 145.33333333 -0.5 365.33333333 145.33333333 -0.5 -364 146.66666667 -0.5 365.33333333 146.66666667 -0.5 -364 148 -0.5 365.33333333 148 -0.5 -364 149.33333333 -0.5 365.33333333 149.33333333 -0.5 -364 150.66666667 -0.5 365.33333333 150.66666667 -0.5 -364 152 -0.5 365.33333333 152 -0.5 -364 153.33333333 -0.5 365.33333333 153.33333333 -0.5 -364 154.66666667 -0.5 365.33333333 154.66666667 -0.5 -364 156 -0.5 365.33333333 156 -0.5 -364 157.33333333 -0.5 365.33333333 157.33333333 -0.5 -364 158.66666667 -0.5 365.33333333 158.66666667 -0.5 -364 160 -0.5 365.33333333 160 -0.5 -364 161.33333333 -0.5 365.33333333 161.33333333 -0.5 -364 162.66666667 -0.5 365.33333333 162.66666667 -0.5 -364 164 -0.5 365.33333333 164 -0.5 -364 165.33333333 -0.5 365.33333333 165.33333333 -0.5 -364 166.66666667 -0.5 365.33333333 166.66666667 -0.5 -364 168 -0.5 365.33333333 168 -0.5 -364 169.33333333 -0.5 365.33333333 169.33333333 -0.5 -364 170.66666667 -0.5 365.33333333 170.66666667 -0.5 -364 172 -0.5 365.33333333 172 -0.5 -364 173.33333333 -0.5 365.33333333 173.33333333 -0.5 -364 174.66666667 -0.5 365.33333333 174.66666667 -0.5 -364 176 -0.5 365.33333333 176 -0.5 -364 177.33333333 -0.5 365.33333333 177.33333333 -0.5 -364 178.66666667 -0.5 365.33333333 178.66666667 -0.5 -364 180 -0.5 365.33333333 180 -0.5 -364 181.33333333 -0.5 365.33333333 181.33333333 -0.5 -364 182.66666667 -0.5 365.33333333 182.66666667 -0.5 -364 184 -0.5 365.33333333 184 -0.5 -364 185.33333333 -0.5 365.33333333 185.33333333 -0.5 -364 186.66666667 -0.5 365.33333333 186.66666667 -0.5 -364 188 -0.5 365.33333333 188 -0.5 -364 189.33333333 -0.5 365.33333333 189.33333333 -0.5 -364 190.66666667 -0.5 365.33333333 190.66666667 -0.5 -364 192 -0.5 365.33333333 192 -0.5 -364 193.33333333 -0.5 365.33333333 193.33333333 -0.5 -364 194.66666667 -0.5 365.33333333 194.66666667 -0.5 -364 196 -0.5 365.33333333 196 -0.5 -364 197.33333333 -0.5 365.33333333 197.33333333 -0.5 -364 198.66666667 -0.5 365.33333333 198.66666667 -0.5 -364 200 -0.5 365.33333333 200 -0.5 -364 201.33333333 -0.5 365.33333333 201.33333333 -0.5 -364 202.66666667 -0.5 365.33333333 202.66666667 -0.5 -364 204 -0.5 365.33333333 204 -0.5 -364 205.33333333 -0.5 365.33333333 205.33333333 -0.5 -364 206.66666667 -0.5 365.33333333 206.66666667 -0.5 -364 208 -0.5 365.33333333 208 -0.5 -364 209.33333333 -0.5 365.33333333 209.33333333 -0.5 -364 210.66666667 -0.5 365.33333333 210.66666667 -0.5 -364 212 -0.5 365.33333333 212 -0.5 -364 213.33333333 -0.5 365.33333333 213.33333333 -0.5 -364 214.66666667 -0.5 365.33333333 214.66666667 -0.5 -364 216 -0.5 365.33333333 216 -0.5 -364 217.33333333 -0.5 365.33333333 217.33333333 -0.5 -364 218.66666667 -0.5 365.33333333 218.66666667 -0.5 -364 220 -0.5 365.33333333 220 -0.5 -364 221.33333333 -0.5 365.33333333 221.33333333 -0.5 -364 222.66666667 -0.5 365.33333333 222.66666667 -0.5 -364 224 -0.5 365.33333333 224 -0.5 -364 225.33333333 -0.5 365.33333333 225.33333333 -0.5 -364 226.66666667 -0.5 365.33333333 226.66666667 -0.5 -364 228 -0.5 365.33333333 228 -0.5 -362.66666667 229.33333333 -0.5 -364 229.33333333 -0.5 -361.33333333 229.33333333 -0.5 -360 229.33333333 -0.5 -358.66666667 229.33333333 -0.5 -357.33333333 229.33333333 -0.5 -356 229.33333333 -0.5 -354.66666667 229.33333333 -0.5 -353.33333333 229.33333333 -0.5 -352 229.33333333 -0.5 -350.66666667 229.33333333 -0.5 -349.33333333 229.33333333 -0.5 -348 229.33333333 -0.5 -346.66666667 229.33333333 -0.5 -345.33333333 229.33333333 -0.5 -344 229.33333333 -0.5 -342.66666667 229.33333333 -0.5 -341.33333333 229.33333333 -0.5 -340 229.33333333 -0.5 -338.66666667 229.33333333 -0.5 -337.33333333 229.33333333 -0.5 -336 229.33333333 -0.5 -334.66666667 229.33333333 -0.5 -333.33333333 229.33333333 -0.5 -332 229.33333333 -0.5 -330.66666667 229.33333333 -0.5 -329.33333333 229.33333333 -0.5 -328 229.33333333 -0.5 -326.66666667 229.33333333 -0.5 -325.33333333 229.33333333 -0.5 -324 229.33333333 -0.5 -322.66666667 229.33333333 -0.5 -321.33333333 229.33333333 -0.5 -320 229.33333333 -0.5 -318.66666667 229.33333333 -0.5 -317.33333333 229.33333333 -0.5 -316 229.33333333 -0.5 -314.66666667 229.33333333 -0.5 -313.33333333 229.33333333 -0.5 -312 229.33333333 -0.5 -310.66666667 229.33333333 -0.5 -309.33333333 229.33333333 -0.5 -308 229.33333333 -0.5 -306.66666667 229.33333333 -0.5 -305.33333333 229.33333333 -0.5 -304 229.33333333 -0.5 -302.66666667 229.33333333 -0.5 -301.33333333 229.33333333 -0.5 -300 229.33333333 -0.5 -298.66666667 229.33333333 -0.5 -297.33333333 229.33333333 -0.5 -296 229.33333333 -0.5 -294.66666667 229.33333333 -0.5 -293.33333333 229.33333333 -0.5 -292 229.33333333 -0.5 -290.66666667 229.33333333 -0.5 -289.33333333 229.33333333 -0.5 -288 229.33333333 -0.5 -286.66666667 229.33333333 -0.5 -285.33333333 229.33333333 -0.5 -284 229.33333333 -0.5 -282.66666667 229.33333333 -0.5 -281.33333333 229.33333333 -0.5 -280 229.33333333 -0.5 -278.66666667 229.33333333 -0.5 -277.33333333 229.33333333 -0.5 -276 229.33333333 -0.5 -274.66666667 229.33333333 -0.5 -273.33333333 229.33333333 -0.5 -272 229.33333333 -0.5 -270.66666667 229.33333333 -0.5 -269.33333333 229.33333333 -0.5 -268 229.33333333 -0.5 -266.66666667 229.33333333 -0.5 -265.33333333 229.33333333 -0.5 -264 229.33333333 -0.5 -262.66666667 229.33333333 -0.5 -261.33333333 229.33333333 -0.5 -260 229.33333333 -0.5 -258.66666667 229.33333333 -0.5 -257.33333333 229.33333333 -0.5 -256 229.33333333 -0.5 -254.66666667 229.33333333 -0.5 -253.33333333 229.33333333 -0.5 -252 229.33333333 -0.5 -250.66666667 229.33333333 -0.5 -249.33333333 229.33333333 -0.5 -248 229.33333333 -0.5 -246.66666667 229.33333333 -0.5 -245.33333333 229.33333333 -0.5 -244 229.33333333 -0.5 -242.66666667 229.33333333 -0.5 -241.33333333 229.33333333 -0.5 -240 229.33333333 -0.5 -238.66666667 229.33333333 -0.5 -237.33333333 229.33333333 -0.5 -236 229.33333333 -0.5 -234.66666667 229.33333333 -0.5 -233.33333333 229.33333333 -0.5 -232 229.33333333 -0.5 -230.66666667 229.33333333 -0.5 -229.33333333 229.33333333 -0.5 -228 229.33333333 -0.5 -226.66666667 229.33333333 -0.5 -225.33333333 229.33333333 -0.5 -224 229.33333333 -0.5 -222.66666667 229.33333333 -0.5 -221.33333333 229.33333333 -0.5 -220 229.33333333 -0.5 -218.66666667 229.33333333 -0.5 -217.33333333 229.33333333 -0.5 -216 229.33333333 -0.5 -214.66666667 229.33333333 -0.5 -213.33333333 229.33333333 -0.5 -212 229.33333333 -0.5 -210.66666667 229.33333333 -0.5 -209.33333333 229.33333333 -0.5 -208 229.33333333 -0.5 -206.66666667 229.33333333 -0.5 -205.33333333 229.33333333 -0.5 -204 229.33333333 -0.5 -202.66666667 229.33333333 -0.5 -201.33333333 229.33333333 -0.5 -200 229.33333333 -0.5 -198.66666667 229.33333333 -0.5 -197.33333333 229.33333333 -0.5 -196 229.33333333 -0.5 -194.66666667 229.33333333 -0.5 -193.33333333 229.33333333 -0.5 -192 229.33333333 -0.5 -190.66666667 229.33333333 -0.5 -189.33333333 229.33333333 -0.5 -188 229.33333333 -0.5 -186.66666667 229.33333333 -0.5 -185.33333333 229.33333333 -0.5 -184 229.33333333 -0.5 -182.66666667 229.33333333 -0.5 -181.33333333 229.33333333 -0.5 -180 229.33333333 -0.5 -178.66666667 229.33333333 -0.5 -177.33333333 229.33333333 -0.5 -176 229.33333333 -0.5 -174.66666667 229.33333333 -0.5 -173.33333333 229.33333333 -0.5 -172 229.33333333 -0.5 -170.66666667 229.33333333 -0.5 -169.33333333 229.33333333 -0.5 -168 229.33333333 -0.5 -166.66666667 229.33333333 -0.5 -165.33333333 229.33333333 -0.5 -164 229.33333333 -0.5 -162.66666667 229.33333333 -0.5 -161.33333333 229.33333333 -0.5 -160 229.33333333 -0.5 -158.66666667 229.33333333 -0.5 -157.33333333 229.33333333 -0.5 -156 229.33333333 -0.5 -154.66666667 229.33333333 -0.5 -153.33333333 229.33333333 -0.5 -152 229.33333333 -0.5 -150.66666667 229.33333333 -0.5 -149.33333333 229.33333333 -0.5 -148 229.33333333 -0.5 -146.66666667 229.33333333 -0.5 -145.33333333 229.33333333 -0.5 -144 229.33333333 -0.5 -142.66666667 229.33333333 -0.5 -141.33333333 229.33333333 -0.5 -140 229.33333333 -0.5 -138.66666667 229.33333333 -0.5 -137.33333333 229.33333333 -0.5 -136 229.33333333 -0.5 -134.66666667 229.33333333 -0.5 -133.33333333 229.33333333 -0.5 -132 229.33333333 -0.5 -130.66666667 229.33333333 -0.5 -129.33333333 229.33333333 -0.5 -128 229.33333333 -0.5 -126.66666667 229.33333333 -0.5 -125.33333333 229.33333333 -0.5 -124 229.33333333 -0.5 -122.66666667 229.33333333 -0.5 -121.33333333 229.33333333 -0.5 -120 229.33333333 -0.5 -118.66666667 229.33333333 -0.5 -117.33333333 229.33333333 -0.5 -116 229.33333333 -0.5 -114.66666667 229.33333333 -0.5 -113.33333333 229.33333333 -0.5 -112 229.33333333 -0.5 -110.66666667 229.33333333 -0.5 -109.33333333 229.33333333 -0.5 -108 229.33333333 -0.5 -106.66666667 229.33333333 -0.5 -105.33333333 229.33333333 -0.5 -104 229.33333333 -0.5 -102.66666667 229.33333333 -0.5 -101.33333333 229.33333333 -0.5 -100 229.33333333 -0.5 -98.66666667 229.33333333 -0.5 -97.33333333 229.33333333 -0.5 -96 229.33333333 -0.5 -94.66666667 229.33333333 -0.5 -93.33333333 229.33333333 -0.5 -92 229.33333333 -0.5 -90.66666667 229.33333333 -0.5 -89.33333333 229.33333333 -0.5 -88 229.33333333 -0.5 -86.66666667 229.33333333 -0.5 -85.33333333 229.33333333 -0.5 -84 229.33333333 -0.5 -82.66666667 229.33333333 -0.5 -81.33333333 229.33333333 -0.5 -80 229.33333333 -0.5 -78.66666667 229.33333333 -0.5 -77.33333333 229.33333333 -0.5 -76 229.33333333 -0.5 -74.66666667 229.33333333 -0.5 -73.33333333 229.33333333 -0.5 -72 229.33333333 -0.5 -70.66666667 229.33333333 -0.5 -69.33333333 229.33333333 -0.5 -68 229.33333333 -0.5 -66.66666667 229.33333333 -0.5 -65.33333333 229.33333333 -0.5 -64 229.33333333 -0.5 -62.66666667 229.33333333 -0.5 -61.33333333 229.33333333 -0.5 -60 229.33333333 -0.5 -58.66666667 229.33333333 -0.5 -57.33333333 229.33333333 -0.5 -56 229.33333333 -0.5 -54.66666667 229.33333333 -0.5 -53.33333333 229.33333333 -0.5 -52 229.33333333 -0.5 -50.66666667 229.33333333 -0.5 -49.33333333 229.33333333 -0.5 -48 229.33333333 -0.5 -46.66666667 229.33333333 -0.5 -45.33333333 229.33333333 -0.5 -44 229.33333333 -0.5 -42.66666667 229.33333333 -0.5 -41.33333333 229.33333333 -0.5 -40 229.33333333 -0.5 -38.66666667 229.33333333 -0.5 -37.33333333 229.33333333 -0.5 -36 229.33333333 -0.5 -34.66666667 229.33333333 -0.5 -33.33333333 229.33333333 -0.5 -32 229.33333333 -0.5 -30.66666667 229.33333333 -0.5 -29.33333333 229.33333333 -0.5 -28 229.33333333 -0.5 -26.66666667 229.33333333 -0.5 -25.33333333 229.33333333 -0.5 -24 229.33333333 -0.5 -22.66666667 229.33333333 -0.5 -21.33333333 229.33333333 -0.5 -20 229.33333333 -0.5 -18.66666667 229.33333333 -0.5 -17.33333333 229.33333333 -0.5 -16 229.33333333 -0.5 -14.66666667 229.33333333 -0.5 -13.33333333 229.33333333 -0.5 -12 229.33333333 -0.5 -10.66666667 229.33333333 -0.5 -9.33333333 229.33333333 -0.5 -8 229.33333333 -0.5 -6.66666667 229.33333333 -0.5 -5.33333333 229.33333333 -0.5 -4 229.33333333 -0.5 -2.66666667 229.33333333 -0.5 -1.33333333 229.33333333 -0.5 0 229.33333333 -0.5 1.33333333 229.33333333 -0.5 2.66666667 229.33333333 -0.5 4 229.33333333 -0.5 5.33333333 229.33333333 -0.5 6.66666667 229.33333333 -0.5 8 229.33333333 -0.5 9.33333333 229.33333333 -0.5 10.66666667 229.33333333 -0.5 12 229.33333333 -0.5 13.33333333 229.33333333 -0.5 14.66666667 229.33333333 -0.5 16 229.33333333 -0.5 17.33333333 229.33333333 -0.5 18.66666667 229.33333333 -0.5 20 229.33333333 -0.5 21.33333333 229.33333333 -0.5 22.66666667 229.33333333 -0.5 24 229.33333333 -0.5 25.33333333 229.33333333 -0.5 26.66666667 229.33333333 -0.5 28 229.33333333 -0.5 29.33333333 229.33333333 -0.5 30.66666667 229.33333333 -0.5 32 229.33333333 -0.5 33.33333333 229.33333333 -0.5 34.66666667 229.33333333 -0.5 36 229.33333333 -0.5 37.33333333 229.33333333 -0.5 38.66666667 229.33333333 -0.5 40 229.33333333 -0.5 41.33333333 229.33333333 -0.5 42.66666667 229.33333333 -0.5 44 229.33333333 -0.5 45.33333333 229.33333333 -0.5 46.66666667 229.33333333 -0.5 48 229.33333333 -0.5 49.33333333 229.33333333 -0.5 50.66666667 229.33333333 -0.5 52 229.33333333 -0.5 53.33333333 229.33333333 -0.5 54.66666667 229.33333333 -0.5 56 229.33333333 -0.5 57.33333333 229.33333333 -0.5 58.66666667 229.33333333 -0.5 60 229.33333333 -0.5 61.33333333 229.33333333 -0.5 62.66666667 229.33333333 -0.5 64 229.33333333 -0.5 65.33333333 229.33333333 -0.5 66.66666667 229.33333333 -0.5 68 229.33333333 -0.5 69.33333333 229.33333333 -0.5 70.66666667 229.33333333 -0.5 72 229.33333333 -0.5 73.33333333 229.33333333 -0.5 74.66666667 229.33333333 -0.5 76 229.33333333 -0.5 77.33333333 229.33333333 -0.5 78.66666667 229.33333333 -0.5 80 229.33333333 -0.5 81.33333333 229.33333333 -0.5 82.66666667 229.33333333 -0.5 84 229.33333333 -0.5 85.33333333 229.33333333 -0.5 86.66666667 229.33333333 -0.5 88 229.33333333 -0.5 89.33333333 229.33333333 -0.5 90.66666667 229.33333333 -0.5 92 229.33333333 -0.5 93.33333333 229.33333333 -0.5 94.66666667 229.33333333 -0.5 96 229.33333333 -0.5 97.33333333 229.33333333 -0.5 98.66666667 229.33333333 -0.5 100 229.33333333 -0.5 101.33333333 229.33333333 -0.5 102.66666667 229.33333333 -0.5 104 229.33333333 -0.5 105.33333333 229.33333333 -0.5 106.66666667 229.33333333 -0.5 108 229.33333333 -0.5 109.33333333 229.33333333 -0.5 110.66666667 229.33333333 -0.5 112 229.33333333 -0.5 113.33333333 229.33333333 -0.5 114.66666667 229.33333333 -0.5 116 229.33333333 -0.5 117.33333333 229.33333333 -0.5 118.66666667 229.33333333 -0.5 120 229.33333333 -0.5 121.33333333 229.33333333 -0.5 122.66666667 229.33333333 -0.5 124 229.33333333 -0.5 125.33333333 229.33333333 -0.5 126.66666667 229.33333333 -0.5 128 229.33333333 -0.5 129.33333333 229.33333333 -0.5 130.66666667 229.33333333 -0.5 132 229.33333333 -0.5 133.33333333 229.33333333 -0.5 134.66666667 229.33333333 -0.5 136 229.33333333 -0.5 137.33333333 229.33333333 -0.5 138.66666667 229.33333333 -0.5 140 229.33333333 -0.5 141.33333333 229.33333333 -0.5 142.66666667 229.33333333 -0.5 144 229.33333333 -0.5 145.33333333 229.33333333 -0.5 146.66666667 229.33333333 -0.5 148 229.33333333 -0.5 149.33333333 229.33333333 -0.5 150.66666667 229.33333333 -0.5 152 229.33333333 -0.5 153.33333333 229.33333333 -0.5 154.66666667 229.33333333 -0.5 156 229.33333333 -0.5 157.33333333 229.33333333 -0.5 158.66666667 229.33333333 -0.5 160 229.33333333 -0.5 161.33333333 229.33333333 -0.5 162.66666667 229.33333333 -0.5 164 229.33333333 -0.5 165.33333333 229.33333333 -0.5 166.66666667 229.33333333 -0.5 168 229.33333333 -0.5 169.33333333 229.33333333 -0.5 170.66666667 229.33333333 -0.5 172 229.33333333 -0.5 173.33333333 229.33333333 -0.5 174.66666667 229.33333333 -0.5 176 229.33333333 -0.5 177.33333333 229.33333333 -0.5 178.66666667 229.33333333 -0.5 180 229.33333333 -0.5 181.33333333 229.33333333 -0.5 182.66666667 229.33333333 -0.5 184 229.33333333 -0.5 185.33333333 229.33333333 -0.5 186.66666667 229.33333333 -0.5 188 229.33333333 -0.5 189.33333333 229.33333333 -0.5 190.66666667 229.33333333 -0.5 192 229.33333333 -0.5 193.33333333 229.33333333 -0.5 194.66666667 229.33333333 -0.5 196 229.33333333 -0.5 197.33333333 229.33333333 -0.5 198.66666667 229.33333333 -0.5 200 229.33333333 -0.5 201.33333333 229.33333333 -0.5 202.66666667 229.33333333 -0.5 204 229.33333333 -0.5 205.33333333 229.33333333 -0.5 206.66666667 229.33333333 -0.5 208 229.33333333 -0.5 209.33333333 229.33333333 -0.5 210.66666667 229.33333333 -0.5 212 229.33333333 -0.5 213.33333333 229.33333333 -0.5 214.66666667 229.33333333 -0.5 216 229.33333333 -0.5 217.33333333 229.33333333 -0.5 218.66666667 229.33333333 -0.5 220 229.33333333 -0.5 221.33333333 229.33333333 -0.5 222.66666667 229.33333333 -0.5 224 229.33333333 -0.5 225.33333333 229.33333333 -0.5 226.66666667 229.33333333 -0.5 228 229.33333333 -0.5 229.33333333 229.33333333 -0.5 230.66666667 229.33333333 -0.5 232 229.33333333 -0.5 233.33333333 229.33333333 -0.5 234.66666667 229.33333333 -0.5 236 229.33333333 -0.5 237.33333333 229.33333333 -0.5 238.66666667 229.33333333 -0.5 240 229.33333333 -0.5 241.33333333 229.33333333 -0.5 242.66666667 229.33333333 -0.5 244 229.33333333 -0.5 245.33333333 229.33333333 -0.5 246.66666667 229.33333333 -0.5 248 229.33333333 -0.5 249.33333333 229.33333333 -0.5 250.66666667 229.33333333 -0.5 252 229.33333333 -0.5 253.33333333 229.33333333 -0.5 254.66666667 229.33333333 -0.5 256 229.33333333 -0.5 257.33333333 229.33333333 -0.5 258.66666667 229.33333333 -0.5 260 229.33333333 -0.5 261.33333333 229.33333333 -0.5 262.66666667 229.33333333 -0.5 264 229.33333333 -0.5 265.33333333 229.33333333 -0.5 266.66666667 229.33333333 -0.5 268 229.33333333 -0.5 269.33333333 229.33333333 -0.5 270.66666667 229.33333333 -0.5 272 229.33333333 -0.5 273.33333333 229.33333333 -0.5 274.66666667 229.33333333 -0.5 276 229.33333333 -0.5 277.33333333 229.33333333 -0.5 278.66666667 229.33333333 -0.5 280 229.33333333 -0.5 281.33333333 229.33333333 -0.5 282.66666667 229.33333333 -0.5 284 229.33333333 -0.5 285.33333333 229.33333333 -0.5 286.66666667 229.33333333 -0.5 288 229.33333333 -0.5 289.33333333 229.33333333 -0.5 290.66666667 229.33333333 -0.5 292 229.33333333 -0.5 293.33333333 229.33333333 -0.5 294.66666667 229.33333333 -0.5 296 229.33333333 -0.5 297.33333333 229.33333333 -0.5 298.66666667 229.33333333 -0.5 300 229.33333333 -0.5 301.33333333 229.33333333 -0.5 302.66666667 229.33333333 -0.5 304 229.33333333 -0.5 305.33333333 229.33333333 -0.5 306.66666667 229.33333333 -0.5 308 229.33333333 -0.5 309.33333333 229.33333333 -0.5 310.66666667 229.33333333 -0.5 312 229.33333333 -0.5 313.33333333 229.33333333 -0.5 314.66666667 229.33333333 -0.5 316 229.33333333 -0.5 317.33333333 229.33333333 -0.5 318.66666667 229.33333333 -0.5 320 229.33333333 -0.5 321.33333333 229.33333333 -0.5 322.66666667 229.33333333 -0.5 324 229.33333333 -0.5 325.33333333 229.33333333 -0.5 326.66666667 229.33333333 -0.5 328 229.33333333 -0.5 329.33333333 229.33333333 -0.5 330.66666667 229.33333333 -0.5 332 229.33333333 -0.5 333.33333333 229.33333333 -0.5 334.66666667 229.33333333 -0.5 336 229.33333333 -0.5 337.33333333 229.33333333 -0.5 338.66666667 229.33333333 -0.5 340 229.33333333 -0.5 341.33333333 229.33333333 -0.5 342.66666667 229.33333333 -0.5 344 229.33333333 -0.5 345.33333333 229.33333333 -0.5 346.66666667 229.33333333 -0.5 348 229.33333333 -0.5 349.33333333 229.33333333 -0.5 350.66666667 229.33333333 -0.5 352 229.33333333 -0.5 353.33333333 229.33333333 -0.5 354.66666667 229.33333333 -0.5 356 229.33333333 -0.5 357.33333333 229.33333333 -0.5 358.66666667 229.33333333 -0.5 360 229.33333333 -0.5 361.33333333 229.33333333 -0.5 362.66666667 229.33333333 -0.5 364 229.33333333 -0.5 365.33333333 229.33333333 -0.5</float_array>
          <technique_common>
            <accessor source="#pos_0-array" count="10659" stride="3">
              <param name="X" type="float"/>
              <param name="Y" type="float"/>
              <param name="Z" type="float"/>
            </accessor>
          </technique_common>
        </source>
        <source id="norm_0">
          <float_array id="norm_0-array" count="36">0 0 1 -0.6 0 0.8 0 -0.6 0.8 0 -0.6 0.8 0 -0.6 0.8 0.5145 -0.5145 0.68599 -0.6 0 0.8 0.6 -0 0.8 0.6 -0 0.8 -0.5145 0.5145 0.68599 0 0.6 0.8 0 0.6 0.8</float_array>
          <technique_common>
            <accessor source="#norm_0-array" count="36" stride="3">
              <param name="X" type="float"/>
              <param name="Y" type="float"/>
              <param name="Z" type="float"/>
            </accessor>
          </technique_common>
        </source>
        <source id="uvs_0">
          <float_array id="uvs_0-array" count="0"></float_array>
          <technique_common>
            <accessor source="#uvs_0-array" count="0" stride="2">
              <param name="S" type="float"/>
              <param name="T" type="float"/>
            </accessor>
          </technique_common>
        </source>
        <vertices id="vert_0">
          <input semantic="POSITION" source="#pos_0"/>
        </vertices>
        <triangles count="5324" material="mat_0">
          <input semantic="VERTEX" source="#vert_0" offset="0"/>
          <input semantic="NORMAL" source="#norm_0" offset="1"/>
          <p>0 0 1 0 2 0 2 0 3 0 4 0 1 0 5 0 2 0 2 0 6 0 3 0 5 0 7 0 2 0 2 0 8 0 6 0 7 0 9 0 2 0 2 0 10 0 8 0 9 0 11 0 2 0 2 0 12 0 10 0 11 0 13 0 2 0 2 0 14 0 12 0 13 0 15 0 2 0 2 0 16 0 14 0 15 0 17 0 2 0 2 0 18 0 16 0 17 0 19 0 2 0 2 0 20 0 18 0 19 0 21 0 2 0 2 0 22 0 20 0 21 0 23 0 2 0 2 0 24 0 22 0 23 0 25 0 2 0 2 0 26 0 24 0 25 0 27 0 2 0 2 0 28 0 26 0 27 0 29 0 2 0 2 0 30 0 28 0 29 0 31 0 2 0 2 0 32 0 30 0 31 0 33 0 2 0 2 0 34 0 32 0 33 0 35 0 2 0 2 0 36 0 34 0 35 0 37 0 2 0 2 0 38 0 36 0 37 0 39 0 2 0 2 0 40 0 38 0 39 0 41 0 2 0 2 0 42 0 40 0 41 0 43 0 2 0 2 0 44 0 42 0 43 0 45 0 2 0 2 0 46 0 44 0 45 0 47 0 2 0 2 0 48 0 46 0 47 0 49 0 2 0 2 0 50 0 48 0 49 0 51 0 2 0 2 0 52 0 50 0 51 0 53 0 2 0 2 0 54 0 52 0 53 0 55 0 2 0 2 0 56 0 54 0 55 0 57 0 2 0 2 0 58 0 56 0 57 0 59 0 2 0 2 0 60 0 58 0 59 0 61 0 2 0 2 0 62 0 60 0 61 0 63 0 2 0 2 0 64 0 62 0 63 0 65 0 2 0 2 0 66 0 64 0 65 0 67 0 2 0 2 0 68 0 66 0 67 0 69 0 2 0 2 0 70 0 68 0 69 0 71 0 2 0 2 0 72 0 70 0 71 0 73 0 2 0 2 0 74 0 72 0 73 0 75 0 2 0 2 0 76 0 74 0 75 0 77 0 2 0 2 0 78 0 76 0 77 0 79 0 2 0 2 0 80 0 78 0 79 0 81 0 2 0 2 0 82 0 80 0 81 0 83 0 2 0 2 0 84 0 82 0 83 0 85 0 2 0 2 0 86 0 84 0 85 0 87 0 2 0 2 0 88 0 86 0 87 0 89 0 2 0 2 0 90 0 88 0 89 0 91 0 2 0 2 0 92 0 90 0 91 0 93 0 2 0 2 0 94 0 92 0 93 0 95 0 2 0 2 0 96 0 94 0 95 0 97 0 2 0 2 0 98 0 96 0 97 0 99 0 2 0 2 0 100 0 98 0 99 0 101 0 2 0 2 0 102 0 100 0 101 0 103 0 2 0 2 0 104 0 102 0 103 0 105 0 2 0 2 0 106 0 104 0 105 0 107 0 2 0 2 0 108 0 106 0 107 0 109 0 2 0 2 0 110 0 108 0 109 0 111 0 2 0 2 0 112 0 110 0 111 0 113 0 2 0 2 0 114 0 112 0 113 0 115 0 2 0 2 0 116 0 114 0 115 0 117 0 2 0 2 0 118 0 116 0 117 0 119 0 2 0 2 0 120 0 118 0 119 0 121 0 2 0 2 0 122 0 120 0 121 0 123 0 2 0 2 0 124 0 122 0 123 0 125 0 2 0 2 0 126 0 124 0 125 0 127 0 2 0 2 0 128 0 126 0 127 0 129 0 2 0 2 0 130 0 128 0 129 0 131 0 2 0 2 0 132 0 130 0 131 0 133 0 2 0 2 0 134 0 132 0 133 0 135 0 2 0 2 0 136 0 134 0 135 0 137 0 2 0 2 0 138 0 136 0 137 0 139 0 2 0 2 0 140 0 138 0 139 0 141 0 2 0 2 0 142 0 140 0 141 0 143 0 2 0 2 0 144 0 142 0 143 0 145 0 2 0 2 0 146 0 144 0 145 0 147 0 2 0 2 0 148 0 146 0 147 0 149 0 2 0 2 0 150 0 148 0 149 0 151 0 2 0 2 0 152 0 150 0 151 0 153 0 2 0 2 0 154 0 152 0 153 0 155 0 2 0 2 0 156 0 154 0 155 0 157 0 2 0 2 0 158 0 156 0 157 0 159 0 2 0 2 0 160 0 158 0 159 0 161 0 2 0 2 0 162 0 160 0 161 0 163 0 2 0 2 0 164 0 162 0 163 0 165 0 2 0 2 0 166 0 164 0 165 0 167 0 2 0 2 0 168 0 166 0 167 0 169 0 2 0 2 0 170 0 168 0 169 0 171 0 2 0 2 0 172 0 170 0 171 0 173 0 2 0 2 0 174 0 172 0 173 0 175 0 2 0 2 0 176 0 174 0 175 0 177 0 2 0 2 0 178 0 176 0 177 0 179 0 2 0 2 0 180 0 178 0 179 0 181 0 2 0 2 0 182 0 180 0 181 0 183 0 2 0 2 0 184 0 182 0 183 0 185 0 2 0 2 0 186 0 184 0 185 0 187 0 2 0 2 0 188 0 186 0 187 0 189 0 2 0 2 0 190 0 188 0 189 0 191 0 2 0 2 0 192 0 190 0 191 0 193 0 2 0 2 0 194 0 192 0 193 0 195 0 2 0 2 0 196 0 194 0 195 0 197 0 2 0 2 0 198 0 196 0 197 0 199 0 2 0 2 0 200 0 198 0 199 0 201 0 2 0 2 0 202 0 200 0 201 0 203 0 2 0 2 0 204 0 202 0 203 0 205 0 2 0 2 0 206 0 204 0 205 0 207 0 2 0 2 0 208 0 206 0 207 0 209 0 2 0 2 0 210 0 208 0 209 0 211 0 2 0 2 0 212 0 210 0 211 0 213 0 2 0 2 0 214 0 212 0 213 0 215 0 2 0 2 0 216 0 214 0 215 0 217 0 2 0 2 0 218 0 216 0 217 0 219 0 2 0 2 0 220 0 218 0 219 0 221 0 2 0 2 0 222 0 220 0 221 0 223 0 2 0 2 0 224 0 222 0 223 0 225 0 2 0 2 0 226 0 224 0 225 0 227 0 2 0 2 0 228 0 226 0 227 0 229 0 2 0 2 0 230 0 228 0 229 0 231 0 2 0 2 0 232 0 230 0 231 0 233 0 2 0 2 0 234 0 232 0 233 0 235 0 2 0 2 0 236 0 234 0 235 0 237 0 2 0 2 0 238 0 236 0 237 0 239 0 2 0 2 0 240 0 238 0 239 0 241 0 2 0 2 0 242 0 240 0 241 0 243 0 2 0 2 0 244 0 242 0 243 0 245 0 2 0 2 0 246 0 244 0 245 0 247 0 2 0 2 0 248 0 246 0 247 0 249 0 2 0 2 0 250 0 248 0 249 0 251 0 2 0 2 0 252 0 250 0 251 0 253 0 2 0 2 0 254 0 252 0 253 0 255 0 2 0 2 0 256 0 254 0 255 0 257 0 2 0 2 0 258 0 256 0 257 0 259 0 2 0 2 0 260 0 258 0 259 0 261 0 2 0 2 0 262 0 260 0 261 0 263 0 2 0 2 0 264 0 262 0 263 0 265 0 2 0 2 0 266 0 264 0 265 0 267 0 2 0 2 0 268 0 266 0 267 0 269 0 2 0 2 0 270 0 268 0 269 0 271 0 2 0 2 0 272 0 270 0 271 0 273 0 2 0 2 0 274 0 272 0 273 0 275 0 2 0 2 0 276 0 274 0 275 0 277 0 2 0 2 0 278 0 276 0 277 0 279 0 2 0 2 0 280 0 278 0 279 0 281 0 2 0 2 0 282 0 280 0 281 0 283 0 2 0 2 0 284 0 282 0 283 0 285 0 2 0 2 0 286 0 284 0 285 0 287 0 2 0 2 0 288 0 286 0 287 0 289 0 2 0 2 0 290 0 288 0 289 0 291 0 2 0 2 0 292 0 290 0 291 0 293 0 2 0 2 0 294 0 292 0 293 0 295 0 2 0 2 0 296 0 294 0 295 0 297 0 2 0 2 0 298 0 296 0 297 0 299 0 2 0 2 0 300 0 298 0 299 0 301 0 2 0 2 0 302 0 300 0 301 0 303 0 2 0 2 0 304 0 302 0 303 0 305 0 2 0 2 0 306 0 304 0 305 0 307 0 2 0 2 0 308 0 306 0 307 0 309 0 2 0 2 0 310 0 308 0 309 0 311 0 2 0 2 0 312 0 310 0 311 0 313 0 2 0 2 0 314 0 312 0 313 0 315 0 2 0 2 0 316 0 314 0 315 0 317 0 2 0 2 0 318 0 316 0 317 0 319 0 2 0 2 0 320 0 318 0 319 0 321 0 2 0 2 0 322 0 320 0 321 0 323 0 2 0 2 0 324 0 322 0 323 0 325 0 2 0 2 0 326 0 324 0 325 0 327 0 2 0 2 0 328 0 326 0 327 0 329 0 2 0 2 0 330 0 328 0 329 0 331 0 2 0 2 0 332 0 330 0 331 0 333 0 2 0 2 0 334 0 332 0 333 0 335 0 2 0 2 0 336 0 334 0 335 0 337 0 2 0 2 0 338 0 336 0 337 0 339 0 2 0 2 0 340 0 338 0 339 0 341 0 2 0 2 0 342 0 340 0 341 0 343 0 2 0 2 0 344 0 342 0 343 0 345 0 2 0 2 0 346 0 344 0 345 0 347 0 2 0 2 0 348 0 346 0 347 0 349 0 2 0 2 0 350 0 348 0 349 0 351 0 2 0 2 0 352 0 350 0 351 0 353 0 2 0 2 0 354 0 352 0 353 0 355 0 2 0 2 0 356 0 354 0 355 0 357 0 2 0 2 0 358 0 356 0 357 0 359 0 2 0 2 0 360 0 358 0 359 0 361 0 2 0 2 0 362 0 360 0 361 0 363 0 2 0 2 0 364 0 362 0 363 0 365 0 2 0 2 0 366 0 364 0 365 0 367 0 2 0 2 0 368 0 366 0 367 0 369 0 2 0 2 0 370 0 368 0 369 0 371 0 2 0 2 0 372 0 370 0 371 0 373 0 2 0 2 0 374 0 372 0 373 0 375 0 2 0 2 0 376 0 374 0 375 0 377 0 2 0 2 0 378 0 376 0 377 0 379 0 2 0 2 0 380 0 378 0 379 0 381 0 2 0 2 0 382 0 380 0 381 0 383 0 2 0 2 0 384 0 382 0 383 0 385 0 2 0 2 0 386 0 384 0 385 0 387 0 2 0 2 0 388 0 386 0 387 0 389 0 2 0 2 0 390 0 388 0 389 0 391 0 2 0 2 0 392 0 390 0 391 0 393 0 2 0 2 0 394 0 392 0 393 0 395 0 2 0 2 0 396 0 394 0 395 0 397 0 2 0 2 0 398 0 396 0 397 0 399 0 2 0 2 0 400 0 398 0 399 0 401 0 2 0 2 0 402 0 400 0 401 0 403 0 2 0 2 0 404 0 402 0 403 0 405 0 2 0 2 0 406 0 404 0 405 0 407 0 2 0 2 0 408 0 406 0 407 0 409 0 2 0 2 0 410 0 408 0 409 0 411 0 2 0 2 0 412 0 410 0 411 0 413 0 2 0 2 0 414 0 412 0 413 0 415 0 2 0 2 0 416 0 414 0 415 0 417 0 2 0 2 0 418 0 416 0 417 0 419 0 2 0 2 0 420 0 418 0 419 0 421 0 2 0 2 0 422 0 420 0 421 0 423 0 2 0 2 0 424 0 422 0 423 0 425 0 2 0 2 0 426 0 424 0 425 0 427 0 2 0 2 0 428 0 426 0 427 0 429 0 2 0 2 0 430 0 428 0 429 0 431 0 2 0 2 0 432 0 430 0 431 0 433 0 2 0 2 0 434 0 432 0 433 0 435 0 2 0 2 0 436 0 434 0 435 0 437 0 2 0 2 0 438 0 436 0 437 0 439 0 2 0 2 0 440 0 438 0 439 0 441 0 2 0 2 0 442 0 440 0 441 0 443 0 2 0 2 0 444 0 442 0 443 0 445 0 2 0 2 0 446 0 444 0 445 0 447 0 2 0 2 0 448 0 446 0 447 0 449 0 2 0 2 0 450 0 448 0 449 0 451 0 2 0 2 0 452 0 450 0 451 0 453 0 2 0 2 0 454 0 452 0 453 0 455 0 2 0 2 0 456 0 454 0 455 0 457 0 2 0 2 0 458 0 456 0 457 0 459 0 2 0 2 0 460 0 458 0 459 0 461 0 2 0 2 0 462 0 460 0 461 0 463 0 2 0 2 0 464 0 462 0 463 0 465 0 2 0 2 0 466 0 464 0 465 0 467 0 2 0 2 0 468 0 466 0 467 0 469 0 2 0 2 0 470 0 468 0 469 0 471 0 2 0 2 0 472 0 470 0 471 0 473 0 2 0 2 0 474 0 472 0 473 0 475 0 2 0 2 0 476 0 474 0 475 0 477 0 2 0 2 0 478 0 476 0 477 0 479 0 2 0 2 0 480 0 478 0 479 0 481 0 2 0 2 0 482 0 480 0 481 0 483 0 2 0 2 0 484 0 482 0 483 0 485 0 2 0 2 0 486 0 484 0 485 0 487 0 2 0 2 0 488 0 486 0 487 0 489 0 2 0 2 0 490 0 488 0 489 0 491 0 2 0 2 0 492 0 490 0 491 0 493 0 2 0 2 0 494 0 492 0 493 0 495 0 2 0 2 0 496 0 494 0 495 0 497 0 2 0 2 0 498 0 496 0 497 0 499 0 2 0 2 0 500 0 498 0 499 0 501 0 2 0 2 0 502 0 500 0 501 0 503 0 2 0 2 0 504 0 502 0 503 0 505 0 2 0 2 0 506 0 504 0 505 0 507 0 2 0 2 0 508 0 506 0 507 0 509 0 2 0 2 0 510 0 508 0 509 0 511 0 2 0 2 0 512 0 510 0 511 0 513 0 2 0 2 0 514 0 512 0 513 0 515 0 2 0 2 0 516 0 514 0 515 0 517 0 2 0 2 0 518 0 516 0 517 0 519 0 2 0 2 0 520 0 518 0 519 0 521 0 2 0 2 0 522 0 520 0 521 0 523 0 2 0 2 0 524 0 522 0 523 0 525 0 2 0 2 0 526 0 524 0 525 0 527 0 2 0 2 0 528 0 526 0 527 0 529 0 2 0 2 0 530 0 528 0 529 0 531 0 2 0 2 0 532 0 530 0 531 0 533 0 2 0 2 0 534 0 532 0 533 0 535 0 2 0 2 0 536 0 534 0 535 0 537 0 2 0 2 0 538 0 536 0 537 0 539 0 2 0 2 0 540 0 538 0 539 0 541 0 2 0 2 0 542 0 540 0 541 0 543 0 2 0 2 0 544 0 542 0 543 0 545 0 2 0 2 0 546 0 544 0 545 0 547 0 2 0 2 0 548 0 546 0 547 0 549 0 2 0 2 0 550 0 548 0 549 0 551 0 2 0 2 0 552 0 550 0 551 0 553 0 2 0 2 0 554 0 552 0 553 0 555 0 2 0 2 0 556 0 554 0 555 0 557 0 2 0 2 0 558 0 556 0 557 0 559 0 2 0 2 0 560 0 558 0 559 0 561 0 2 0 2 0 562 0 560 0 561 0 563 0 2 0 2 0 564 0 562 0 563 0 565 0 2 0 2 0 566 0 564 0 565 0 567 0 2 0 2 0 568 0 566 0 567 0 569 0 2 0 2 0 570 0 568 0 569 0 571 0 2 0 2 0 572 0 570 0 571 0 573 0 2 0 2 0 574 0 572 0 573 0 575 0 2 0 2 0 576 0 574 0 575 0 577 0 2 0 2 0 578 0 576 0 577 0 579 0 2 0 2 0 580 0 578 0 579 0 581 0 2 0 2 0 582 0 580 0 581 0 583 0 2 0 2 0 584 0 582 0 583 0 585 0 2 0 2 0 586 0 584 0 585 0 587 0 2 0 2 0 588 0 586 0 587 0 589 0 2 0 2 0 590 0 588 0 589 0 591 0 2 0 2 0 592 0 590 0 591 0 593 0 2 0 2 0 594 0 592 0 593 0 595 0 2 0 2 0 596 0 594 0 595 0 597 0 2 0 2 0 598 0 596 0 597 0 599 0 2 0 2 0 600 0 598 0 599 0 601 0 2 0 2 0 602 0 600 0 601 0 603 0 2 0 2 0 604 0 602 0 603 0 605 0 2 0 2 0 606 0 604 0 605 0 607 0 2 0 2 0 608 0 606 0 607 0 609 0 2 0 2 0 610 0 608 0 609 0 611 0 2 0 2 0 612 0 610 0 611 0 613 0 2 0 2 0 614 0 612 0 613 0 615 0 2 0 2 0 616 0 614 0 615 0 617 0 2 0 2 0 618 0 616 0 617 0 619 0 2 0 2 0 620 0 618 0 619 0 621 0 2 0 2 0 622 0 620 0 621 0 623 0 2 0 2 0 624 0 622 0 623 0 625 0 2 0 2 0 626 0 624 0 625 0 627 0 2 0 2 0 628 0 626 0 627 0 629 0 2 0 2 0 630 0 628 0 629 0 631 0 2 0 2 0 632 0 630 0 631 0 633 0 2 0 2 0 634 0 632 0 633 0 635 0 2 0 2 0 636 0 634 0 635 0 637 0 2 0 2 0 638 0 636 0 637 0 639 0 2 0 2 0 640 0 638 0 639 0 641 0 2 0 2 0 642 0 640 0 641 0 643 0 2 0 2 0 644 0 642 0 643 0 645 0 2 0 2 0 646 0 644 0 645 0 647 0 2 0 2 0 648 0 646 0 647 0 649 0 2 0 2 0 650 0 648 0 649 0 651 0 2 0 2 0 652 0 650 0 651 0 653 0 2 0 2 0 654 0 652 0 653 0 655 0 2 0 2 0 656 0 654 0 655 0 657 0 2 0 2 0 658 0 656 0 657 0 659 0 2 0 2 0 660 0 658 0 659 0 661 0 2 0 2 0 662 0 660 0 661 0 663 0 2 0 2 0 664 0 662 0 663 0 665 0 2 0 2 0 666 0 664 0 665 0 667 0 2 0 2 0 668 0 666 0 667 0 669 0 2 0 2 0 670 0 668 0 669 0 671 0 2 0 2 0 672 0 670 0 671 0 673 0 2 0 2 0 674 0 672 0 673 0 675 0 2 0 2 0 676 0 674 0 675 0 677 0 2 0 2 0 678 0 676 0 677 0 679 0 2 0 2 0 680 0 678 0 679 0 681 0 2 0 2 0 682 0 680 0 681 0 683 0 2 0 2 0 684 0 682 0 683 0 685 0 2 0 2 0 686 0 684 0 685 0 687 0 2 0 2 0 688 0 686 0 687 0 689 0 2 0 2 0 690 0 688 0 689 0 691 0 2 0 2 0 692 0 690 0 691 0 693 0 2 0 2 0 694 0 692 0 693 0 695 0 2 0 2 0 696 0 694 0 695 0 697 0 2 0 2 0 698 0 696 0 697 0 699 0 2 0 2 0 700 0 698 0 699 0 701 0 2 0 2 0 702 0 700 0 701 0 703 0 2 0 2 0 704 0 702 0 703 0 705 0 2 0 2 0 706 0 704 0 705 0 707 0 2 0 2 0 708 0 706 0 707 0 709 0 2 0 2 0 710 0 708 0 709 0 711 0 2 0 2 0 712 0 710 0 711 0 713 0 2 0 2 0 714 0 712 0 713 0 715 0 2 0 2 0 716 0 714 0 715 0 717 0 2 0 2 0 718 0 716 0 717 0 719 0 2 0 2 0 720 0 718 0 719 0 721 0 2 0 2 0 722 0 720 0 721 0 723 0 2 0 2 0 724 0 722 0 723 0 725 0 2 0 2 0 726 0 724 0 725 0 727 0 2 0 2 0 728 0 726 0 727 0 729 0 2 0 2 0 730 0 728 0 729 0 731 0 2 0 2 0 732 0 730 0 731 0 733 0 2 0 2 0 734 0 732 0 733 0 735 0 2 0 2 0 736 0 734 0 735 0 737 0 2 0 2 0 738 0 736 0 737 0 739 0 2 0 2 0 740 0 738 0 739 0 741 0 2 0 2 0 742 0 740 0 741 0 743 0 2 0 2 0 744 0 742 0 743 0 745 0 2 0 2 0 746 0 744 0 745 0 747 0 2 0 2 0 748 0 746 0 747 0 749 0 2 0 2 0 750 0 748 0 749 0 751 0 2 0 2 0 752 0 750 0 751 0 753 0 2 0 2 0 754 0 752 0 753 0 755 0 2 0 2 0 756 0 754 0 755 0 757 0 2 0 2 0 758 0 756 0 757 0 759 0 2 0 2 0 760 0 758 0 759 0 761 0 2 0 2 0 762 0 760 0 761 0 763 0 2 0 2 0 764 0 762 0 763 0 765 0 2 0 2 0 766 0 764 0 765 0 767 0 2 0 2 0 768 0 766 0 767 0 769 0 2 0 2 0 770 0 768 0 769 0 771 0 2 0 2 0 772 0 770 0 771 0 773 0 2 0 2 0 774 0 772 0 773 0 775 0 2 0 2 0 776 0 774 0 775 0 777 0 2 0 2 0 778 0 776 0 777 0 779 0 2 0 2 0 780 0 778 0 779 0 781 0 2 0 2 0 782 0 780 0 781 0 783 0 2 0 2 0 784 0 782 0 783 0 785 0 2 0 2 0 786 0 784 0 785 0 787 0 2 0 2 0 788 0 786 0 787 0 789 0 2 0 2 0 790 0 788 0 789 0 791 0 2 0 2 0 792 0 790 0 791 0 793 0 2 0 2 0 794 0 792 0 793 0 795 0 2 0 2 0 796 0 794 0 795 0 797 0 2 0 2 0 798 0 796 0 797 0 799 0 2 0 2 0 800 0 798 0 799 0 801 0 2 0 2 0 802 0 800 0 801 0 803 0 2 0 2 0 804 0 802 0 803 0 805 0 2 0 2 0 806 0 804 0 805 0 807 0 2 0 2 0 808 0 806 0 807 0 809 0 2 0 2 0 810 0 808 0 809 0 811 0 2 0 2 0 812 0 810 0 811 0 813 0 2 0 2 0 814 0 812 0 813 0 815 0 2 0 2 0 816 0 814 0 815 0 817 0 2 0 2 0 818 0 816 0 817 0 819 0 2 0 2 0 820 0 818 0 819 0 821 0 2 0 2 0 822 0 820 0 821 0 823 0 2 0 2 0 824 0 822 0 823 0 825 0 2 0 2 0 826 0 824 0 825 0 827 0 2 0 2 0 828 0 826 0 827 0 829 0 2 0 2 0 830 0 828 0 829 0 831 0 2 0 2 0 832 0 830 0 831 0 833 0 2 0 2 0 834 0 832 0 833 0 835 0 2 0 2 0 836 0 834 0 835 0 837 0 2 0 2 0 838 0 836 0 837 0 839 0 2 0 2 0 840 0 838 0 839 0 841 0 2 0 2 0 842 0 840 0 841 0 843 0 2 0 2 0 844 0 842 0 843 0 845 0 2 0 2 0 846 0 844 0 845 0 847 0 2 0 2 0 848 0 846 0 847 0 849 0 2 0 2 0 850 0 848 0 849 0 851 0 2 0 2 0 852 0 850 0 851 0 853 0 2 0 2 0 854 0 852 0 853 0 855 0 2 0 2 0 856 0 854 0 855 0 857 0 2 0 2 0 858 0 856 0 857 0 859 0 2 0 2 0 860 0 858 0 859 0 861 0 2 0 2 0 862 0 860 0 861 0 863 0 2 0 2 0 864 0 862 0 863 0 865 0 2 0 2 0 866 0 864 0 865 0 867 0 2 0 2 0 868 0 866 0 867 0 869 0 2 0 2 0 870 0 868 0 869 0 871 0 2 0 2 0 872 0 870 0 871 0 873 0 2 0 2 0 874 0 872 0 873 0 875 0 2 0 2 0 876 0 874 0 875 0 877 0 2 0 2 0 878 0 876 0 877 0 879 0 2 0 2 0 880 0 878 0 879 0 881 0 2 0 2 0 882 0 880 0 881 0 883 0 2 0 2 0 884 0 882 0 883 0 885 0 2 0 2 0 886 0 884 0 885 0 887 0 2 0 2 0 888 0 886 0 887 0 889 0 2 0 2 0 890 0 888 0 889 0 891 0 2 0 2 0 892 0 890 0 891 0 893 0 2 0 2 0 894 0 892 0 893 0 895 0 2 0 2 0 896 0 894 0 895 0 897 0 2 0 2 0 898 0 896 0 897 0 899 0 2 0 2 0 900 0 898 0 899 0 901 0 2 0 2 0 902 0 900 0 901 0 903 0 2 0 2 0 904 0 902 0 903 0 905 0 2 0 2 0 906 0 904 0 905 0 907 0 2 0 2 0 908 0 906 0 907 0 909 0 2 0 2 0 910 0 908 0 909 0 911 0 2 0 2 0 912 0 910 0 911 0 913 0 2 0 2 0 914 0 912 0 913 0 915 0 2 0 2 0 916 0 914 0 915 0 917 0 2 0 2 0 918 0 916 0 917 0 919 0 2 0 2 0 920 0 918 0 919 0 921 0 2 0 2 0 922 0 920 0 921 0 923 0 2 0 2 0 924 0 922 0 923 0 925 0 2 0 2 0 926 0 924 0 925 0 927 0 2 0 2 0 928 0 926 0 927 0 929 0 2 0 2 0 930 0 928 0 929 0 931 0 2 0 2 0 932 0 930 0 931 0 933 0 2 0 2 0 934 0 932 0 933 0 935 0 2 0 2 0 936 0 934 0 935 0 937 0 2 0 2 0 938 0 936 0 937 0 939 0 2 0 2 0 940 0 938 0 939 0 941 0 2 0 2 0 942 0 940 0 941 0 943 0 2 0 2 0 944 0 942 0 943 0 945 0 2 0 2 0 946 0 944 0 945 0 947 0 2 0 2 0 948 0 946 0 947 0 949 0 2 0 2 0 950 0 948 0 949 0 951 0 2 0 2 0 952 0 950 0 951 0 953 0 2 0 2 0 954 0 952 0 953 0 955 0 2 0 2 0 956 0 954 0 955 0 957 0 2 0 2 0 958 0 956 0 957 0 959 0 2 0 2 0 960 0 958 0 959 0 961 0 2 0 2 0 962 0 960 0 961 0 963 0 2 0 2 0 964 0 962 0 963 0 965 0 2 0 2 0 966 0 964 0 965 0 967 0 2 0 2 0 968 0 966 0 967 0 969 0 2 0 2 0 970 0 968 0 969 0 971 0 2 0 2 0 972 0 970 0 971 0 973 0 2 0 2 0 974 0 972 0 973 0 975 0 2 0 2 0 976 0 974 0 975 0 977 0 2 0 2 0 978 0 976 0 977 0 979 0 2 0 2 0 980 0 978 0 979 0 981 0 2 0 2 0 982 0 980 0 981 0 983 0 2 0 2 0 984 0 982 0 983 0 985 0 2 0 2 0 986 0 984 0 985 0 987 0 2 0 2 0 988 0 986 0 987 0 989 0 2 0 2 0 990 0 988 0 989 0 991 0 2 0 2 0 992 0 990 0 991 0 993 0 2 0 2 0 994 0 992 0 993 0 995 0 2 0 2 0 996 0 994 0 995 0 997 0 2 0 2 0 998 0 996 0 997 0 999 0 2 0 2 0 1000 0 998 0 999 0 1001 0 2 0 2 0 1002 0 1000 0 1001 0 1003 0 2 0 2 0 1004 0 1002 0 1003 0 1005 0 2 0 2 0 1006 0 1004 0 1005 0 1007 0 2 0 2 0 1008 0 1006 0 1007 0 1009 0 2 0 2 0 1010 0 1008 0 1009 0 1011 0 2 0 2 0 1012 0 1010 0 1011 0 1013 0 2 0 2 0 1014 0 1012 0 1013 0 1015 0 2 0 2 0 1016 0 1014 0 1015 0 1017 0 2 0 2 0 1018 0 1016 0 1017 0 1019 0 2 0 2 0 1020 0 1018 0 1019 0 1021 0 2 0 2 0 1022 0 1020 0 1021 0 1023 0 2 0 2 0 1024 0 1022 0 1023 0 1025 0 2 0 2 0 1026 0 1024 0 1025 0 1027 0 2 0 2 0 1028 0 1026 0 1027 0 1029 0 2 0 2 0 1030 0 1028 0 1029 0 1031 0 2 0 2 0 1032 0 1030 0 1031 0 1033 0 2 0 2 0 1034 0 1032 0 1033 0 1035 0 2 0 2 0 1036 0 1034 0 1035 0 1037 0 2 0 2 0 1038 0 1036 0 1037 0 1039 0 2 0 2 0 1040 0 1038 0 1039 0 1041 0 2 0 2 0 1042 0 1040 0 1041 0 1043 0 2 0 2 0 1044 0 1042 0 1043 0 1045 0 2 0 2 0 1046 0 1044 0 1045 0 1047 0 2 0 2 0 1048 0 1046 0 1047 0 1049 0 2 0 2 0 1050 0 1048 0 1049 0 1051 0 2 0 2 0 1052 0 1050 0 1051 0 1053 0 2 0 2 0 1054 0 1052 0 1053 0 1055 0 2 0 2 0 1056 0 1054 0 1055 0 1057 0 2 0 2 0 1058 0 1056 0 1057 0 1059 0 2 0 2 0 1060 0 1058 0 1059 0 1061 0 2 0 2 0 1062 0 1060 0 1061 0 1063 0 2 0 2 0 1064 0 1062 0 1063 0 1065 0 2 0 2 0 1066 0 1064 0 1065 0 1067 0 2 0 2 0 1068 0 1066 0 1067 0 1069 0 2 0 2 0 1070 0 1068 0 1069 0 1071 0 2 0 2 0 1072 0 1070 0 1071 0 1073 0 2 0 2 0 1074 0 1072 0 1073 0 1075 0 2 0 2 0 1076 0 1074 0 1075 0 1077 0 2 0 2 0 1078 0 1076 0 1077 0 1079 0 2 0 2 0 1080 0 1078 0 1079 0 1081 0 2 0 2 0 1082 0 1080 0 1081 0 1083 0 2 0 2 0 1084 0 1082 0 1083 0 1085 0 2 0 2 0 1086 0 1084 0 1085 0 1087 0 2 0 2 0 1088 0 1086 0 1087 0 1089 0 2 0 2 0 1090 0 1088 0 1089 0 1091 0 2 0 2 0 1092 0 1090 0 0 0 2 0 1093 0 1091 0 1094 0 2 0 1093 0 2 0 1095 0 1094 0 1096 0 2 0 1095 0 2 0 1097 0 1096 0 1098 0 2 0 1097 0 2 0 1099 0 1098 0 1100 0 2 0 1099 0 2 0 1101 0 1100 0 1102 0 2 0 1101 0 2 0 1103 0 1102 0 1104 0 2 0 1103 0 2 0 1105 0 1104 0 1106 0 2 0 1105 0 2 0 1107 0 1106 0 1108 0 2 0 1107 0 2 0 1109 0 1108 0 1110 0 2 0 1109 0 2 0 1111 0 1110 0 1112 0 2 0 1111 0 2 0 1113 0 1112 0 1114 0 2 0 1113 0 2 0 1115 0 1114 0 1116 0 2 0 1115 0 2 0 1117 0 1116 0 1118 0 2 0 1117 0 2 0 1119 0 1118 0 1120 0 2 0 1119 0 2 0 1121 0 1120 0 1122 0 2 0 1121 0 2 0 1123 0 1122 0 1124 0 2 0 1123 0 2 0 1125 0 1124 0 1126 0 2 0 1125 0 2 0 1127 0 1126 0 1128 0 2 0 1127 0 2 0 1129 0 1128 0 1130 0 2 0 1129 0 2 0 1131 0 1130 0 1132 0 2 0 1131 0 2 0 1133 0 1132 0 1134 0 2 0 1133 0 2 0 1135 0 1134 0 1136 0 2 0 1135 0 2 0 1137 0 1136 0 1138 0 2 0 1137 0 2 0 1139 0 1138 0 1140 0 2 0 1139 0 2 0 1141 0 1140 0 1142 0 2 0 1141 0 2 0 1143 0 1142 0 1144 0 2 0 1143 0 2 0 1145 0 1144 0 1146 0 2 0 1145 0 2 0 1147 0 1146 0 1148 0 2 0 1147 0 2 0 1149 0 1148 0 1150 0 2 0 1149 0 2 0 1151 0 1150 0 1152 0 2 0 1151 0 2 0 1153 0 1152 0 1154 0 2 0 1153 0 2 0 1155 0 1154 0 1156 0 2 0 1155 0 2 0 1157 0 1156 0 1158 0 2 0 1157 0 2 0 1159 0 1158 0 1160 0 2 0 1159 0 2 0 1161 0 1160 0 1162 0 2 0 1161 0 2 0 1163 0 1162 0 1164 0 2 0 1163 0 2 0 1165 0 1164 0 1166 0 2 0 1165 0 2 0 1167 0 1166 0 1168 0 2 0 1167 0 2 0 1169 0 1168 0 1170 0 2 0 1169 0 2 0 1171 0 1170 0 1172 0 2 0 1171 0 2 0 1173 0 1172 0 1174 0 2 0 1173 0 2 0 1175 0 1174 0 1176 0 2 0 1175 0 2 0 1177 0 1176 0 1178 0 2 0 1177 0 2 0 1179 0 1178 0 1180 0 2 0 1179 0 2 0 1181 0 1180 0 1182 0 2 0 1181 0 2 0 1183 0 1182 0 1184 0 2 0 1183 0 2 0 1185 0 1184 0 1186 0 2 0 1185 0 2 0 1187 0 1186 0 1188 0 2 0 1187 0 2 0 1189 0 1188 0 1190 0 2 0 1189 0 2 0 1191 0 1190 0 1192 0 2 0 1191 0 2 0 1193 0 1192 0 1194 0 2 0 1193 0 2 0 1195 0 1194 0 1196 0 2 0 1195 0 2 0 1197 0 1196 0 1198 0 2 0 1197 0 2 0 1199 0 1198 0 1200 0 2 0 1199 0 2 0 1201 0 1200 0 1202 0 2 0 1201 0 2 0 1203 0 1202 0 1204 0 2 0 1203 0 2 0 1205 0 1204 0 1206 0 2 0 1205 0 2 0 1207 0 1206 0 1208 0 2 0 1207 0 2 0 1209 0 1208 0 1210 0 2 0 1209 0 2 0 1211 0 1210 0 1212 0 2 0 1211 0 2 0 1213 0 1212 0 1214 0 2 0 1213 0 2 0 1215 0 1214 0 1216 0 2 0 1215 0 2 0 1217 0 1216 0 1218 0 2 0 1217 0 2 0 1219 0 1218 0 1220 0 2 0 1219 0 2 0 1221 0 1220 0 1222 0 2 0 1221 0 2 0 1223 0 1222 0 1224 0 2 0 1223 0 2 0 1225 0 1224 0 1226 0 2 0 1225 0 2 0 1227 0 1226 0 1228 0 2 0 1227 0 2 0 1229 0 1228 0 1230 0 2 0 1229 0 2 0 1231 0 1230 0 1232 0 2 0 1231 0 2 0 1233 0 1232 0 1234 0 2 0 1233 0 2 0 1235 0 1234 0 1236 0 2 0 1235 0 2 0 1237 0 1236 0 1238 0 2 0 1237 0 2 0 1239 0 1238 0 1240 0 2 0 1239 0 2 0 1241 0 1240 0 1242 0 2 0 1241 0 2 0 1243 0 1242 0 1244 0 2 0 1243 0 2 0 1245 0 1244 0 1246 0 2 0 1245 0 2 0 1247 0 1246 0 1248 0 2 0 1247 0 2 0 1249 0 1248 0 1250 0 2 0 1249 0 2 0 1251 0 1250 0 1252 0 2 0 1251 0 2 0 1253 0 1252 0 1254 0 2 0 1253 0 2 0 1255 0 1254 0 1256 0 2 0 1255 0 2 0 1257 0 1256 0 1258 0 2 0 1257 0 2 0 1259 0 1258 0 1260 0 2 0 1259 0 2 0 1261 0 1260 0 1262 0 2 0 1261 0 2 0 1263 0 1262 0 1264 0 2 0 1263 0 2 0 1265 0 1264 0 1266 0 2 0 1265 0 2 0 1267 0 1266 0 1268 0 2 0 1267 0 2 0 1269 0 1268 0 1270 0 2 0 1269 0 2 0 1271 0 1270 0 1272 0 2 0 1271 0 2 0 1273 0 1272 0 1274 0 2 0 1273 0 2 0 1275 0 1274 0 1276 0 2 0 1275 0 2 0 1277 0 1276 0 1278 0 2 0 1277 0 2 0 1279 0 1278 0 1280 0 2 0 1279 0 2 0 1281 0 1280 0 1282 0 2 0 1281 0 2 0 1283 0 1282 0 1284 0 2 0 1283 0 2 0 1285 0 1284 0 1286 0 2 0 1285 0 2 0 1287 0 1286 0 1288 0 2 0 1287 0 2 0 1289 0 1288 0 1290 0 2 0 1289 0 2 0 1291 0 1290 0 1292 0 2 0 1291 0 2 0 1293 0 1292 0 1294 0 2 0 1293 0 2 0 1295 0 1294 0 1296 0 2 0 1295 0 2 0 1297 0 1296 0 1298 0 2 0 1297 0 2 0 1299 0 1298 0 1300 0 2 0 1299 0 2 0 1301 0 1300 0 1302 0 2 0 1301 0 2 0 1303 0 1302 0 1304 0 2 0 1303 0 2 0 1305 0 1304 0 1306 0 2 0 1305 0 2 0 1307 0 1306 0 1308 0 2 0 1307 0 2 0 1309 0 1308 0 1310 0 2 0 1309 0 2 0 1311 0 1310 0 1312 0 2 0 1311 0 2 0 1313 0 1312 0 1314 0 2 0 1313 0 2 0 1315 0 1314 0 1316 0 2 0 1315 0 2 0 1317 0 1316 0 1318 0 2 0 1317 0 2 0 1319 0 1318 0 1320 0 2 0 1319 0 2 0 1321 0 1320 0 1322 0 2 0 1321 0 2 0 1323 0 1322 0 1324 0 2 0 1323 0 2 0 1325 0 1324 0 1326 0 2 0 1325 0 2 0 1327 0 1326 0 1328 0 2 0 1327 0 2 0 1329 0 1328 0 1330 0 2 0 1329 0 2 0 1331 0 1330 0 1332 0 2 0 1331 0 2 0 1333 0 1332 0 1334 0 2 0 1333 0 2 0 1335 0 1334 0 1336 0 2 0 1335 0 2 0 1337 0 1336 0 1338 0 2 0 1337 0 2 0 1339 0 1338 0 1340 0 2 0 1339 0 2 0 1341 0 1340 0 1342 0 2 0 1341 0 2 0 1343 0 1342 0 1344 0 2 0 1343 0 2 0 1345 0 1344 0 1346 0 2 0 1345 0 2 0 1347 0 1346 0 1348 0 2 0 1347 0 2 0 1349 0 1348 0 1350 0 2 0 1349 0 2 0 1351 0 1350 0 1352 0 2 0 1351 0 2 0 1353 0 1352 0 1354 0 2 0 1353 0 2 0 1355 0 1354 0 1356 0 2 0 1355 0 2 0 1357 0 1356 0 1358 0 2 0 1357 0 2 0 1359 0 1358 0 1360 0 2 0 1359 0 2 0 1361 0 1360 0 1362 0 2 0 1361 0 2 0 1363 0 1362 0 1364 0 2 0 1363 0 2 0 1365 0 1364 0 1366 0 2 0 1365 0 2 0 1367 0 1366 0 1368 0 2 0 1367 0 2 0 1369 0 1368 0 1370 0 2 0 1369 0 2 0 1371 0 1370 0 1372 0 2 0 1371 0 2 0 1373 0 1372 0 1374 0 2 0 1373 0 2 0 1375 0 1374 0 1376 0 2 0 1375 0 2 0 1377 0 1376 0 1378 0 2 0 1377 0 2 0 1379 0 1378 0 1380 0 2 0 1379 0 2 0 1381 0 1380 0 1382 0 2 0 1381 0 2 0 1383 0 1382 0 1384 0 2 0 1383 0 2 0 1385 0 1384 0 1386 0 2 0 1385 0 2 0 1387 0 1386 0 1388 0 2 0 1387 0 2 0 1389 0 1388 0 1390 0 2 0 1389 0 2 0 1391 0 1390 0 1392 0 2 0 1391 0 2 0 1393 0 1392 0 1394 0 2 0 1393 0 2 0 1395 0 1394 0 1396 0 2 0 1395 0 2 0 1397 0 1396 0 1398 0 2 0 1397 0 2 0 1399 0 1398 0 1400 0 2 0 1399 0 2 0 1401 0 1400 0 1402 0 2 0 1401 0 2 0 1403 0 1402 0 1404 0 2 0 1403 0 2 0 1405 0 1404 0 1406 0 2 0 1405 0 2 0 1407 0 1406 0 1408 0 2 0 1407 0 2 0 1409 0 1408 0 1410 0 2 0 1409 0 2 0 1411 0 1410 0 1412 0 2 0 1411 0 2 0 1413 0 1412 0 1414 0 2 0 1413 0 2 0 1415 0 1414 0 1416 0 2 0 1415 0 2 0 1417 0 1416 0 1418 0 2 0 1417 0 2 0 1419 0 1418 0 1420 0 2 0 1419 0 2 0 1421 0 1420 0 1422 0 2 0 1421 0 2 0 1423 0 1422 0 1424 0 2 0 1423 0 2 0 1425 0 1424 0 1426 0 2 0 1425 0 2 0 1427 0 1426 0 1428 0 2 0 1427 0 2 0 1429 0 1428 0 1430 0 2 0 1429 0 2 0 1431 0 1430 0 1432 0 2 0 1431 0 2 0 1433 0 1432 0 1434 0 2 0 1433 0 2 0 1435 0 1434 0 1436 0 2 0 1435 0 2 0 1437 0 1436 0 1438 0 2 0 1437 0 2 0 1439 0 1438 0 1440 0 2 0 1439 0 2 0 1441 0 1440 0 1442 0 2 0 1441 0 2 0 1443 0 1442 0 1444 0 2 0 1443 0 2 0 1445 0 1444 0 1446 0 2 0 1445 0 2 0 1447 0 1446 0 1448 0 2 0 1447 0 2 0 1449 0 1448 0 1450 0 2 0 1449 0 2 0 1451 0 1450 0 1452 0 2 0 1451 0 2 0 1453 0 1452 0 1454 0 2 0 1453 0 2 0 1455 0 1454 0 1456 0 2 0 1455 0 2 0 1457 0 1456 0 1458 0 2 0 1457 0 2 0 1459 0 1458 0 1460 0 2 0 1459 0 2 0 1461 0 1460 0 1462 0 2 0 1461 0 2 0 1463 0 1462 0 1464 0 2 0 1463 0 2 0 1465 0 1464 0 1466 0 2 0 1465 0 2 0 1467 0 1466 0 1468 0 2 0 1467 0 2 0 1469 0 1468 0 1470 0 2 0 1469 0 2 0 1471 0 1470 0 1472 0 2 0 1471 0 2 0 1473 0 1472 0 1474 0 2 0 1473 0 2 0 1475 0 1474 0 1476 0 2 0 1475 0 2 0 1477 0 1476 0 1478 0 2 0 1477 0 2 0 1479 0 1478 0 1480 0 2 0 1479 0 2 0 1481 0 1480 0 1482 0 2 0 1481 0 2 0 1483 0 1482 0 1484 0 2 0 1483 0 2 0 1485 0 1484 0 1486 0 2 0 1485 0 2 0 1487 0 1486 0 1488 0 2 0 1487 0 2 0 1489 0 1488 0 1490 0 2 0 1489 0 2 0 1491 0 1490 0 1492 0 2 0 1491 0 2 0 1493 0 1492 0 1494 0 2 0 1493 0 2 0 1495 0 1494 0 1496 0 2 0 1495 0 2 0 1497 0 1496 0 1498 0 2 0 1497 0 2 0 1499 0 1498 0 1500 0 2 0 1499 0 2 0 1501 0 1500 0 1502 0 2 0 1501 0 2 0 1503 0 1502 0 1504 0 2 0 1503 0 2 0 1505 0 1504 0 1506 0 2 0 1505 0 2 0 1507 0 1506 0 1508 0 2 0 1507 0 2 0 1509 0 1508 0 1510 0 2 0 1509 0 2 0 1511 0 1510 0 1512 0 2 0 1511 0 2 0 1513 0 1512 0 1514 0 2 0 1513 0 2 0 1515 0 1514 0 1516 0 2 0 1515 0 2 0 1517 0 1516 0 1518 0 2 0 1517 0 2 0 1519 0 1518 0 1520 0 2 0 1519 0 2 0 1521 0 1520 0 1522 0 2 0 1521 0 2 0 1523 0 1522 0 1524 0 2 0 1523 0 2 0 1525 0 1524 0 1526 0 2 0 1525 0 2 0 1527 0 1526 0 1528 0 2 0 1527 0 2 0 1529 0 1528 0 1530 0 2 0 1529 0 2 0 1531 0 1530 0 1532 0 2 0 1531 0 2 0 1533 0 1532 0 1534 0 2 0 1533 0 2 0 1535 0 1534 0 1536 0 2 0 1535 0 2 0 1537 0 1536 0 1538 0 2 0 1537 0 2 0 1539 0 1538 0 1540 0 2 0 1539 0 2 0 1541 0 1540 0 1542 0 2 0 1541 0 2 0 1543 0 1542 0 1544 0 2 0 1543 0 2 0 1545 0 1544 0 1546 0 2 0 1545 0 2 0 1547 0 1546 0 1548 0 2 0 1547 0 2 0 1549 0 1548 0 1550 0 2 0 1549 0 2 0 1551 0 1550 0 1552 0 2 0 1551 0 2 0 1553 0 1552 0 1554 0 2 0 1553 0 2 0 1555 0 1554 0 1556 0 2 0 1555 0 2 0 1557 0 1556 0 1558 0 2 0 1557 0 2 0 1559 0 1558 0 1560 0 2 0 1559 0 2 0 1561 0 1560 0 1562 0 2 0 1561 0 2 0 1563 0 1562 0 1564 0 2 0 1563 0 2 0 1565 0 1564 0 1566 0 2 0 1565 0 2 0 1567 0 1566 0 1568 0 2 0 1567 0 2 0 1569 0 1568 0 1570 0 2 0 1569 0 2 0 1571 0 1570 0 1572 0 2 0 1571 0 2 0 1573 0 1572 0 1574 0 2 0 1573 0 2 0 1575 0 1574 0 1576 0 2 0 1575 0 2 0 1577 0 1576 0 1578 0 2 0 1577 0 2 0 1579 0 1578 0 1580 0 2 0 1579 0 2 0 1581 0 1580 0 1582 0 2 0 1581 0 2 0 1583 0 1582 0 1584 0 2 0 1583 0 2 0 1585 0 1584 0 1586 0 2 0 1585 0 2 0 1587 0 1586 0 1588 0 2 0 1587 0 2 0 1589 0 1588 0 1590 0 2 0 1589 0 2 0 1591 0 1590 0 1592 0 2 0 1591 0 2 0 1593 0 1592 0 1594 0 2 0 1593 0 2 0 1595 0 1594 0 1596 0 2 0 1595 0 2 0 1597 0 1596 0 1598 0 2 0 1597 0 2 0 1599 0 1598 0 1600 0 2 0 1599 0 2 0 1601 0 1600 0 1602 0 2 0 1601 0 2 0 1603 0 1602 0 1604 0 2 0 1603 0 2 0 1605 0 1604 0 1606 0 2 0 1605 0 2 0 1607 0 1606 0 1608 0 2 0 1607 0 2 0 1609 0 1608 0 1610 0 2 0 1609 0 2 0 1611 0 1610 0 1612 0 2 0 1611 0 2 0 1613 0 1612 0 1614 0 2 0 1613 0 2 0 1615 0 1614 0 1616 0 2 0 1615 0 2 0 1617 0 1616 0 1618 0 2 0 1617 0 2 0 1619 0 1618 0 1620 0 2 0 1619 0 2 0 1621 0 1620 0 1622 0 2 0 1621 0 2 0 1623 0 1622 0 1624 0 2 0 1623 0 2 0 1625 0 1624 0 1626 0 2 0 1625 0 2 0 1627 0 1626 0 1628 0 2 0 1627 0 2 0 1629 0 1628 0 1630 0 2 0 1629 0 2 0 1631 0 1630 0 1632 0 2 0 1631 0 2 0 1633 0 1632 0 1634 0 2 0 1633 0 2 0 1635 0 1634 0 1636 0 2 0 1635 0 2 0 1637 0 1636 0 1638 0 2 0 1637 0 2 0 1639 0 1638 0 1640 0 2 0 1639 0 2 0 1641 0 1640 0 1642 0 2 0 1641 0 2 0 1643 0 1642 0 1644 0 2 0 1643 0 2 0 1645 0 1644 0 1646 0 2 0 1645 0 2 0 1647 0 1646 0 1648 0 2 0 1647 0 2 0 1649 0 1648 0 1650 0 2 0 1649 0 2 0 1651 0 1650 0 1652 0 2 0 1651 0 2 0 1653 0 1652 0 1654 0 2 0 1653 0 2 0 1655 0 1654 0 1656 0 2 0 1655 0 2 0 1657 0 1656 0 1658 0 2 0 1657 0 2 0 1659 0 1658 0 1660 0 2 0 1659 0 2 0 1661 0 1660 0 1662 0 2 0 1661 0 2 0 1663 0 1662 0 1664 0 2 0 1663 0 2 0 1665 0 1664 0 1666 0 2 0 1665 0 2 0 1667 0 1666 0 1668 0 2 0 1667 0 2 0 1669 0 1668 0 1670 0 2 0 1669 0 2 0 1671 0 1670 0 1672 0 2 0 1671 0 2 0 1673 0 1672 0 1674 0 2 0 1673 0 2 0 1675 0 1674 0 1676 0 2 0 1675 0 2 0 1677 0 1676 0 1678 0 2 0 1677 0 2 0 1679 0 1678 0 1680 0 2 0 1679 0 2 0 1681 0 1680 0 1682 0 2 0 1681 0 2 0 1683 0 1682 0 1684 0 2 0 1683 0 2 0 1685 0 1684 0 1686 0 2 0 1685 0 2 0 1687 0 1686 0 1688 0 2 0 1687 0 2 0 1689 0 1688 0 1690 0 2 0 1689 0 2 0 1691 0 1690 0 1692 0 2 0 1691 0 2 0 1693 0 1692 0 1694 0 2 0 1693 0 2 0 1695 0 1694 0 1696 0 2 0 1695 0 2 0 1697 0 1696 0 1698 0 2 0 1697 0 2 0 1699 0 1698 0 1700 0 2 0 1699 0 2 0 1701 0 1700 0 1702 0 2 0 1701 0 2 0 1703 0 1702 0 1704 0 2 0 1703 0 2 0 1705 0 1704 0 1706 0 2 0 1705 0 2 0 1707 0 1706 0 1708 0 2 0 1707 0 2 0 1709 0 1708 0 1710 0 2 0 1709 0 2 0 1711 0 1710 0 1712 0 2 0 1711 0 2 0 1713 0 1712 0 1714 0 2 0 1713 0 2 0 1715 0 1714 0 1716 0 2 0 1715 0 2 0 1717 0 1716 0 1718 0 2 0 1717 0 2 0 1719 0 1718 0 1720 0 2 0 1719 0 2 0 1721 0 1720 0 1722 0 2 0 1721 0 2 0 1723 0 1722 0 1724 0 2 0 1723 0 2 0 1725 0 1724 0 1726 0 2 0 1725 0 2 0 1727 0 1726 0 1728 0 2 0 1727 0 2 0 1729 0 1728 0 1730 0 2 0 1729 0 2 0 1731 0 1730 0 1732 0 2 0 1731 0 2 0 1733 0 1732 0 1734 0 2 0 1733 0 2 0 1735 0 1734 0 1736 0 2 0 1735 0 2 0 1737 0 1736 0 1738 0 2 0 1737 0 2 0 1739 0 1738 0 1740 0 2 0 1739 0 2 0 1741 0 1740 0 1742 0 2 0 1741 0 2 0 1743 0 1742 0 1744 0 2 0 1743 0 2 0 1745 0 1744 0 1746 0 2 0 1745 0 2 0 1747 0 1746 0 1748 0 2 0 1747 0 2 0 1749 0 1748 0 1750 0 2 0 1749 0 2 0 1751 0 1750 0 1752 0 2 0 1751 0 2 0 1753 0 1752 0 1754 0 2 0 1753 0 2 0 1755 0 1754 0 1756 0 2 0 1755 0 2 0 1757 0 1756 0 1758 0 2 0 1757 0 2 0 1759 0 1758 0 1760 0 2 0 1759 0 2 0 1761 0 1760 0 1762 0 2 0 1761 0 2 0 1763 0 1762 0 1764 0 2 0 1763 0 2 0 1765 0 1764 0 1766 0 2 0 1765 0 2 0 1767 0 1766 0 1768 0 2 0 1767 0 2 0 1769 0 1768 0 1770 0 2 0 1769 0 2 0 1771 0 1770 0 1772 0 2 0 1771 0 2 0 4 0 1772 0 1092 0 2 0 1773 1 0 1 1774 1 1773 2 1775 2 0 2 1775 3 1 3 0 3 1775 3 1776 3 1 3 1776 2 5 2 1 2 1776 2 1777 2 5 2 1777 2 7 2 5 2 1777 2 1778 2 7 2 1778 3 9 3 7 3 1778 3 1779 3 9 3 1779 2 11 2 9 2 1779 2 1780 2 11 2 1780 2 13 2 11 2 1780 2 1781 2 13 2 1781 3 15 3 13 3 1781 3 1782 3 15 3 1782 2 17 2 15 2 1782 2 1783 2 17 2 1783 2 19 2 17 2 1783 2 1784 2 19 2 1784 3 21 3 19 3 1784 3 1785 3 21 3 1785 2 23 2 21 2 1785 2 1786 2 23 2 1786 2 25 2 23 2 1786 2 1787 2 25 2 1787 3 27 3 25 3 1787 3 1788 3 27 3 1788 2 29 2 27 2 1788 2 1789 2 29 2 1789 2 31 2 29 2 1789 2 1790 2 31 2 1790 3 33 3 31 3 1790 3 1791 3 33 3 1791 2 35 2 33 2 1791 2 1792 2 35 2 1792 2 37 2 35 2 1792 2 1793 2 37 2 1793 3 39 3 37 3 1793 3 1794 3 39 3 1794 2 41 2 39 2 1794 2 1795 2 41 2 1795 2 43 2 41 2 1795 2 1796 2 43 2 1796 3 45 3 43 3 1796 3 1797 3 45 3 1797 2 47 2 45 2 1797 2 1798 2 47 2 1798 2 49 2 47 2 1798 2 1799 2 49 2 1799 3 51 3 49 3 1799 3 1800 3 51 3 1800 2 53 2 51 2 1800 2 1801 2 53 2 1801 2 55 2 53 2 1801 2 1802 2 55 2 1802 3 57 3 55 3 1802 3 1803 3 57 3 1803 2 59 2 57 2 1803 2 1804 2 59 2 1804 2 61 2 59 2 1804 2 1805 2 61 2 1805 3 63 3 61 3 1805 3 1806 3 63 3 1806 2 65 2 63 2 1806 2 1807 2 65 2 1807 2 67 2 65 2 1807 2 1808 2 67 2 1808 3 69 3 67 3 1808 3 1809 3 69 3 1809 2 71 2 69 2 1809 2 1810 2 71 2 1810 2 73 2 71 2 1810 2 1811 2 73 2 1811 3 75 3 73 3 1811 3 1812 3 75 3 1812 2 77 2 75 2 1812 2 1813 2 77 2 1813 2 79 2 77 2 1813 2 1814 2 79 2 1814 3 81 3 79 3 1814 3 1815 3 81 3 1815 2 83 2 81 2 1815 2 1816 2 83 2 1816 2 85 2 83 2 1816 2 1817 2 85 2 1817 3 87 3 85 3 1817 3 1818 3 87 3 1818 2 89 2 87 2 1818 2 1819 2 89 2 1819 2 91 2 89 2 1819 2 1820 2 91 2 1820 3 93 3 91 3 1820 3 1821 3 93 3 1821 2 95 2 93 2 1821 2 1822 2 95 2 1822 2 97 2 95 2 1822 2 1823 2 97 2 1823 2 99 2 97 2 1823 2 1824 2 99 2 1824 3 101 3 99 3 1824 3 1825 3 101 3 1825 2 103 2 101 2 1825 2 1826 2 103 2 1826 2 105 2 103 2 1826 2 1827 2 105 2 1827 3 107 3 105 3 1827 3 1828 3 107 3 1828 2 109 2 107 2 1828 2 1829 2 109 2 1829 2 111 2 109 2 1829 2 1830 2 111 2 1830 3 113 3 111 3 1830 3 1831 3 113 3 1831 2 115 2 113 2 1831 2 1832 2 115 2 1832 2 117 2 115 2 1832 2 1833 2 117 2 1833 3 119 3 117 3 1833 3 1834 3 119 3 1834 2 121 2 119 2 1834 2 1835 2 121 2 1835 2 123 2 121 2 1835 2 1836 2 123 2 1836 3 125 3 123 3 1836 3 1837 3 125 3 1837 2 127 2 125 2 1837 2 1838 2 127 2 1838 2 129 2 127 2 1838 2 1839 2 129 2 1839 3 131 3 129 3 1839 3 1840 3 131 3 1840 2 133 2 131 2 1840 2 1841 2 133 2 1841 2 135 2 133 2 1841 2 1842 2 135 2 1842 3 137 3 135 3 1842 3 1843 3 137 3 1843 2 139 2 137 2 1843 2 1844 2 139 2 1844 2 141 2 139 2 1844 2 1845 2 141 2 1845 3 143 3 141 3 1845 3 1846 3 143 3 1846 2 145 2 143 2 1846 2 1847 2 145 2 1847 2 147 2 145 2 1847 2 1848 2 147 2 1848 3 149 3 147 3 1848 3 1849 3 149 3 1849 2 151 2 149 2 1849 2 1850 2 151 2 1850 2 153 2 151 2 1850 2 1851 2 153 2 1851 3 155 3 153 3 1851 3 1852 3 155 3 1852 2 157 2 155 2 1852 2 1853 2 157 2 1853 2 159 2 157 2 1853 2 1854 2 159 2 1854 3 161 3 159 3 1854 3 1855 3 161 3 1855 2 163 2 161 2 1855 2 1856 2 163 2 1856 4 165 4 163 4 1856 4 1857 4 165 4 1857 4 167 4 165 4 1857 4 1858 4 167 4 1858 2 169 2 167 2 1858 2 1859 2 169 2 1859 4 171 4 169 4 1859 4 1860 4 171 4 1860 4 173 4 171 4 1860 4 1861 4 173 4 1861 2 175 2 173 2 1861 2 1862 2 175 2 1862 4 177 4 175 4 1862 4 1863 4 177 4 1863 4 179 4 177 4 1863 4 1864 4 179 4 1864 2 181 2 179 2 1864 2 1865 2 181 2 1865 4 183 4 181 4 1865 4 1866 4 183 4 1866 4 185 4 183 4 1866 4 1867 4 185 4 1867 2 187 2 185 2 1867 2 1868 2 187 2 1868 4 189 4 187 4 1868 4 1869 4 189 4 1869 4 191 4 189 4 1869 4 1870 4 191 4 1870 2 193 2 191 2 1870 2 1871 2 193 2 1871 4 195 4 193 4 1871 4 1872 4 195 4 1872 4 197 4 195 4 1872 4 1873 4 197 4 1873 2 199 2 197 2 1873 2 1874 2 199 2 1874 4 201 4 199 4 1874 4 1875 4 201 4 1875 4 203 4 201 4 1875 4 1876 4 203 4 1876 2 205 2 203 2 1876 2 1877 2 205 2 1877 4 207 4 205 4 1877 4 1878 4 207 4 1878 4 209 4 207 4 1878 4 1879 4 209 4 1879 2 211 2 209 2 1879 2 1880 2 211 2 1880 4 213 4 211 4 1880 4 1881 4 213 4 1881 4 215 4 213 4 1881 4 1882 4 215 4 1882 2 217 2 215 2 1882 2 1883 2 217 2 1883 4 219 4 217 4 1883 4 1884 4 219 4 1884 4 221 4 219 4 1884 4 1885 4 221 4 1885 2 223 2 221 2 1885 2 1886 2 223 2 1886 4 225 4 223 4 1886 4 1887 4 225 4 1887 4 227 4 225 4 1887 4 1888 4 227 4 1888 2 229 2 227 2 1888 2 1889 2 229 2 1889 4 231 4 229 4 1889 4 1890 4 231 4 1890 4 233 4 231 4 1890 4 1891 4 233 4 1891 2 235 2 233 2 1891 2 1892 2 235 2 1892 4 237 4 235 4 1892 4 1893 4 237 4 1893 4 239 4 237 4 1893 4 1894 4 239 4 1894 2 241 2 239 2 1894 2 1895 2 241 2 1895 4 243 4 241 4 1895 4 1896 4 243 4 1896 4 245 4 243 4 1896 4 1897 4 245 4 1897 2 247 2 245 2 1897 2 1898 2 247 2 1898 4 249 4 247 4 1898 4 1899 4 249 4 1899 4 251 4 249 4 1899 4 1900 4 251 4 1900 2 253 2 251 2 1900 2 1901 2 253 2 1901 4 255 4 253 4 1901 4 1902 4 255 4 1902 4 257 4 255 4 1902 4 1903 4 257 4 1903 2 259 2 257 2 1903 2 1904 2 259 2 1904 4 261 4 259 4 1904 4 1905 4 261 4 1905 4 263 4 261 4 1905 4 1906 4 263 4 1906 2 265 2 263 2 1906 2 1907 2 265 2 1907 4 267 4 265 4 1907 4 1908 4 267 4 1908 4 269 4 267 4 1908 4 1909 4 269 4 1909 2 271 2 269 2 1909 2 1910 2 271 2 1910 4 273 4 271 4 1910 4 1911 4 273 4 1911 4 275 4 273 4 1911 4 1912 4 275 4 1912 2 277 2 275 2 1912 2 1913 2 277 2 1913 4 279 4 277 4 1913 4 1914 4 279 4 1914 4 281 4 279 4 1914 4 1915 4 281 4 1915 2 283 2 281 2 1915 2 1916 2 283 2 1916 4 285 4 283 4 1916 4 1917 4 285 4 1917 4 287 4 285 4 1917 4 1918 4 287 4 1918 2 289 2 287 2 1918 2 1919 2 289 2 1919 4 291 4 289 4 1919 4 1920 4 291 4 1920 4 293 4 291 4 1920 4 1921 4 293 4 1921 2 295 2 293 2 1921 2 1922 2 295 2 1922 4 297 4 295 4 1922 4 1923 4 297 4 1923 4 299 4 297 4 1923 4 1924 4 299 4 1924 2 301 2 299 2 1924 2 1925 2 301 2 1925 4 303 4 301 4 1925 4 1926 4 303 4 1926 4 305 4 303 4 1926 4 1927 4 305 4 1927 2 307 2 305 2 1927 2 1928 2 307 2 1928 4 309 4 307 4 1928 4 1929 4 309 4 1929 4 311 4 309 4 1929 4 1930 4 311 4 1930 2 313 2 311 2 1930 2 1931 2 313 2 1931 4 315 4 313 4 1931 4 1932 4 315 4 1932 4 317 4 315 4 1932 4 1933 4 317 4 1933 2 319 2 317 2 1933 2 1934 2 319 2 1934 4 321 4 319 4 1934 4 1935 4 321 4 1935 4 323 4 321 4 1935 4 1936 4 323 4 1936 2 325 2 323 2 1936 2 1937 2 325 2 1937 4 327 4 325 4 1937 4 1938 4 327 4 1938 4 329 4 327 4 1938 4 1939 4 329 4 1939 2 331 2 329 2 1939 2 1940 2 331 2 1940 4 333 4 331 4 1940 4 1941 4 333 4 1941 4 335 4 333 4 1941 4 1942 4 335 4 1942 2 337 2 335 2 1942 2 1943 2 337 2 1943 4 339 4 337 4 1943 4 1944 4 339 4 1944 4 341 4 339 4 1944 4 1945 4 341 4 1945 2 343 2 341 2 1945 2 1946 2 343 2 1946 4 345 4 343 4 1946 4 1947 4 345 4 1947 4 347 4 345 4 1947 4 1948 4 347 4 1948 2 349 2 347 2 1948 2 1949 2 349 2 1949 4 351 4 349 4 1949 4 1950 4 351 4 1950 4 353 4 351 4 1950 4 1951 4 353 4 1951 2 355 2 353 2 1951 2 1952 2 355 2 1952 4 357 4 355 4 1952 4 1953 4 357 4 1953 4 359 4 357 4 1953 4 1954 4 359 4 1954 2 361 2 359 2 1954 2 1955 2 361 2 1955 4 363 4 361 4 1955 4 1956 4 363 4 1956 4 365 4 363 4 1956 4 1957 4 365 4 1957 2 367 2 365 2 1957 2 1958 2 367 2 1958 4 369 4 367 4 1958 4 1959 4 369 4 1959 4 371 4 369 4 1959 4 1960 4 371 4 1960 2 373 2 371 2 1960 2 1961 2 373 2 1961 4 375 4 373 4 1961 4 1962 4 375 4 1962 4 377 4 375 4 1962 4 1963 4 377 4 1963 2 379 2 377 2 1963 2 1964 2 379 2 1964 4 381 4 379 4 1964 4 1965 4 381 4 1965 4 383 4 381 4 1965 4 1966 4 383 4 1966 2 385 2 383 2 1966 2 1967 2 385 2 1967 2 387 2 385 2 1967 2 1968 2 387 2 1968 3 389 3 387 3 1968 3 1969 3 389 3 1969 2 391 2 389 2 1969 2 1970 2 391 2 1970 2 393 2 391 2 1970 2 1971 2 393 2 1971 3 395 3 393 3 1971 3 1972 3 395 3 1972 2 397 2 395 2 1972 2 1973 2 397 2 1973 2 399 2 397 2 1973 2 1974 2 399 2 1974 3 401 3 399 3 1974 3 1975 3 401 3 1975 2 403 2 401 2 1975 2 1976 2 403 2 1976 2 405 2 403 2 1976 2 1977 2 405 2 1977 3 407 3 405 3 1977 3 1978 3 407 3 1978 2 409 2 407 2 1978 2 1979 2 409 2 1979 2 411 2 409 2 1979 2 1980 2 411 2 1980 3 413 3 411 3 1980 3 1981 3 413 3 1981 2 415 2 413 2 1981 2 1982 2 415 2 1982 2 417 2 415 2 1982 2 1983 2 417 2 1983 3 419 3 417 3 1983 3 1984 3 419 3 1984 2 421 2 419 2 1984 2 1985 2 421 2 1985 2 423 2 421 2 1985 2 1986 2 423 2 1986 3 425 3 423 3 1986 3 1987 3 425 3 1987 2 427 2 425 2 1987 2 1988 2 427 2 1988 2 429 2 427 2 1988 2 1989 2 429 2 1989 3 431 3 429 3 1989 3 1990 3 431 3 1990 2 433 2 431 2 1990 2 1991 2 433 2 1991 2 435 2 433 2 1991 2 1992 2 435 2 1992 3 437 3 435 3 1992 3 1993 3 437 3 1993 2 439 2 437 2 1993 2 1994 2 439 2 1994 2 441 2 439 2 1994 2 1995 2 441 2 1995 3 443 3 441 3 1995 3 1996 3 443 3 1996 2 445 2 443 2 1996 2 1997 2 445 2 1997 2 447 2 445 2 1997 2 1998 2 447 2 1998 3 449 3 447 3 1998 3 1999 3 449 3 1999 2 451 2 449 2 1999 2 2000 2 451 2 2000 2 453 2 451 2 2000 2 2001 2 453 2 2001 3 455 3 453 3 2001 3 2002 3 455 3 2002 2 457 2 455 2 2002 2 2003 2 457 2 2003 2 459 2 457 2 2003 2 2004 2 459 2 2004 3 461 3 459 3 2004 3 2005 3 461 3 2005 2 463 2 461 2 2005 2 2006 2 463 2 2006 2 465 2 463 2 2006 2 2007 2 465 2 2007 3 467 3 465 3 2007 3 2008 3 467 3 2008 2 469 2 467 2 2008 2 2009 2 469 2 2009 2 471 2 469 2 2009 2 2010 2 471 2 2010 3 473 3 471 3 2010 3 2011 3 473 3 2011 2 475 2 473 2 2011 2 2012 2 475 2 2012 2 477 2 475 2 2012 2 2013 2 477 2 2013 3 479 3 477 3 2013 3 2014 3 479 3 2014 2 481 2 479 2 2014 2 2015 2 481 2 2015 2 483 2 481 2 2015 2 2016 2 483 2 2016 3 485 3 483 3 2016 3 2017 3 485 3 2017 2 487 2 485 2 2017 2 2018 2 487 2 2018 2 489 2 487 2 2018 2 2019 2 489 2 2019 3 491 3 489 3 2019 3 2020 3 491 3 2020 2 493 2 491 2 2020 2 2021 2 493 2 2021 2 495 2 493 2 2021 2 2022 2 495 2 2022 3 497 3 495 3 2022 3 2023 3 497 3 2023 2 499 2 497 2 2023 2 2024 2 499 2 2024 2 501 2 499 2 2024 2 2025 2 501 2 2025 3 503 3 501 3 2025 3 2026 3 503 3 2026 2 505 2 503 2 2026 2 2027 2 505 2 2027 2 507 2 505 2 2027 2 2028 2 507 2 2028 3 509 3 507 3 2028 3 2029 3 509 3 2029 2 511 2 509 2 2029 2 2030 2 511 2 2030 2 513 2 511 2 2030 2 2031 2 513 2 2031 3 515 3 513 3 2031 3 2032 3 515 3 2032 2 517 2 515 2 2032 2 2033 2 517 2 2033 2 519 2 517 2 2033 2 2034 2 519 2 2034 3 521 3 519 3 2034 3 2035 3 521 3 2035 2 523 2 521 2 2035 2 2036 2 523 2 2036 2 525 2 523 2 2036 2 2037 2 525 2 2037 3 527 3 525 3 2037 3 2038 3 527 3 2038 2 529 2 527 2 2038 2 2039 2 529 2 2039 2 531 2 529 2 2039 2 2040 2 531 2 2040 3 533 3 531 3 2040 3 2041 3 533 3 2041 2 535 2 533 2 2041 2 2042 2 535 2 2042 2 537 2 535 2 2042 2 2043 2 537 2 2043 3 539 3 537 3 2043 3 2044 3 539 3 2044 2 541 2 539 2 2044 2 2045 2 541 2 2045 2 543 2 541 2 2045 2 2046 2 543 2 2046 3 545 3 543 3 2046 3 2047 3 545 3 2047 2 547 2 545 2 2047 2 2048 2 547 2 2048 2 549 2 547 2 2048 2 2049 2 549 2 2049 3 551 3 549 3 2049 3 2050 3 551 3 2050 2 553 2 551 2 2050 2 2051 2 553 2 2051 2 555 2 553 2 2051 2 2052 2 555 2 2052 3 557 3 555 3 2052 3 2053 3 557 3 2053 2 559 2 557 2 2053 2 2054 2 559 2 2054 2 561 2 559 2 2054 2 2055 2 561 2 2055 3 563 3 561 3 2055 3 2056 3 563 3 2056 2 565 2 563 2 2056 2 2057 2 565 2 2057 2 567 2 565 2 2057 2 2058 2 567 2 2058 3 569 3 567 3 2058 3 2059 3 569 3 2059 2 571 2 569 2 2059 2 2060 2 571 2 2060 2 573 2 571 2 2060 2 2061 2 573 2 2061 3 575 3 573 3 2061 3 2062 3 575 3 2062 2 577 2 575 2 2062 2 2063 2 577 2 2063 2 579 2 577 2 2063 2 2064 2 579 2 2064 3 581 3 579 3 2064 3 2065 3 581 3 2065 2 583 2 581 2 2065 2 2066 2 583 2 2066 2 585 2 583 2 2066 2 2067 2 585 2 2067 3 587 3 585 3 2067 3 2068 3 587 3 2068 2 589 2 587 2 2068 2 2069 2 589 2 2069 2 591 2 589 2 2069 2 2070 2 591 2 2070 3 593 3 591 3 2070 3 2071 3 593 3 2071 2 595 2 593 2 2071 2 2072 2 595 2 2072 2 597 2 595 2 2072 2 2073 2 597 2 2073 3 599 3 597 3 2073 3 2074 3 599 3 2074 2 601 2 599 2 2074 2 2075 2 601 2 2075 2 603 2 601 2 2075 2 2076 2 603 2 2076 3 605 3 603 3 2076 3 2077 3 605 3 2077 2 607 2 605 2 2077 2 2078 2 607 2 2078 2 609 2 607 2 2078 2 2079 2 609 2 2079 3 611 3 609 3 2079 3 2080 3 611 3 2080 2 613 2 611 2 2080 2 2081 2 613 2 2081 2 615 2 613 2 2081 2 2082 2 615 2 2082 3 617 3 615 3 2082 3 2083 3 617 3 2083 2 619 2 617 2 2083 2 2084 2 619 2 2084 2 621 2 619 2 2084 2 2085 2 621 2 2085 3 623 3 621 3 2085 3 2086 3 623 3 2086 2 625 2 623 2 2086 2 2087 2 625 2 2087 2 627 2 625 2 2087 2 2088 2 627 2 2088 3 629 3 627 3 2088 3 2089 3 629 3 2089 2 631 2 629 2 2089 2 2090 2 631 2 2090 2 633 2 631 2 2090 2 2091 2 633 2 2091 3 635 3 633 3 2091 3 2092 3 635 3 2092 2 637 2 635 2 2092 2 2093 2 637 2 2093 2 639 2 637 2 2093 2 2094 2 639 2 2094 3 641 3 639 3 2094 3 2095 3 641 3 2095 2 643 2 641 2 2095 2 2096 2 643 2 2096 2 645 2 643 2 2096 2 2097 2 645 2 2097 3 647 3 645 3 2097 3 2098 3 647 3 2098 2 649 2 647 2 2098 2 2099 2 649 2 2099 2 651 2 649 2 2099 2 2100 2 651 2 2100 3 653 3 651 3 2100 3 2101 3 653 3 2101 2 655 2 653 2 2101 2 2102 2 655 2 2102 2 657 2 655 2 2102 2 2103 2 657 2 2103 3 659 3 657 3 2103 3 2104 3 659 3 2104 2 661 2 659 2 2104 2 2105 2 661 2 2105 2 663 2 661 2 2105 2 2106 2 663 2 2106 3 665 3 663 3 2106 3 2107 3 665 3 2107 2 667 2 665 2 2107 2 2108 2 667 2 2108 2 669 2 667 2 2108 2 2109 2 669 2 2109 3 671 3 669 3 2109 3 2110 3 671 3 2110 2 673 2 671 2 2110 2 2111 2 673 2 2111 2 675 2 673 2 2111 2 2112 2 675 2 2112 3 677 3 675 3 2112 3 2113 3 677 3 2113 2 679 2 677 2 2113 2 2114 2 679 2 2114 2 681 2 679 2 2114 2 2115 2 681 2 2115 3 683 3 681 3 2115 3 2116 3 683 3 2116 2 685 2 683 2 2116 2 2117 2 685 2 2117 2 687 2 685 2 2117 2 2118 2 687 2 2118 3 689 3 687 3 2118 3 2119 3 689 3 2119 2 691 2 689 2 2119 2 2120 2 691 2 2120 2 693 2 691 2 2120 2 2121 2 693 2 2121 3 695 3 693 3 2121 3 2122 3 695 3 2122 2 697 2 695 2 2122 2 2123 2 697 2 2123 2 699 2 697 2 2123 2 2124 2 699 2 2124 3 701 3 699 3 2124 3 2125 3 701 3 2125 2 703 2 701 2 2125 2 2126 2 703 2 2126 2 705 2 703 2 2126 2 2127 2 705 2 2127 3 707 3 705 3 2127 3 2128 3 707 3 2128 2 709 2 707 2 2128 2 2129 2 709 2 2129 2 711 2 709 2 2129 2 2130 2 711 2 2130 3 713 3 711 3 2130 3 2131 3 713 3 2131 2 715 2 713 2 2131 2 2132 2 715 2 2132 2 717 2 715 2 2132 2 2133 2 717 2 2133 3 719 3 717 3 2133 3 2134 3 719 3 2134 2 721 2 719 2 2134 2 2135 2 721 2 2135 2 723 2 721 2 2135 2 2136 2 723 2 2136 3 725 3 723 3 2136 3 2137 3 725 3 2137 2 727 2 725 2 2137 2 2138 2 727 2 2138 2 729 2 727 2 2138 2 2139 2 729 2 2139 3 731 3 729 3 2139 3 2140 3 731 3 2140 2 733 2 731 2 2140 2 2141 2 733 2 2141 2 735 2 733 2 2141 2 2142 2 735 2 2142 3 737 3 735 3 2142 3 2143 3 737 3 2143 2 739 2 737 2 2143 2 2144 2 739 2 2144 2 741 2 739 2 2144 2 2145 2 741 2 2145 3 743 3 741 3 2145 3 2146 3 743 3 2146 2 745 2 743 2 2146 2 2147 2 745 2 2147 2 747 2 745 2 2147 2 2148 2 747 2 2148 3 749 3 747 3 2148 3 2149 3 749 3 2149 2 751 2 749 2 2149 2 2150 2 751 2 2150 2 753 2 751 2 2150 2 2151 2 753 2 2151 3 755 3 753 3 2151 3 2152 3 755 3 2152 2 757 2 755 2 2152 2 2153 2 757 2 2153 2 759 2 757 2 2153 2 2154 2 759 2 2154 3 761 3 759 3 2154 3 2155 3 761 3 2155 2 763 2 761 2 2155 2 2156 2 763 2 2156 2 765 2 763 2 2156 2 2157 2 765 2 2157 3 767 3 765 3 2157 3 2158 3 767 3 2158 4 769 4 767 4 2158 4 2159 4 769 4 2159 3 771 3 769 3 2159 3 2160 3 771 3 2160 3 773 3 771 3 2160 3 2161 3 773 3 2161 4 775 4 773 4 2161 4 2162 4 775 4 2162 3 777 3 775 3 2162 3 2163 3 777 3 2163 3 779 3 777 3 2163 3 2164 3 779 3 2164 4 781 4 779 4 2164 4 2165 4 781 4 2165 3 783 3 781 3 2165 3 2166 3 783 3 2166 3 785 3 783 3 2166 3 2167 3 785 3 2167 4 787 4 785 4 2167 4 2168 4 787 4 2168 3 789 3 787 3 2168 3 2169 3 789 3 2169 3 791 3 789 3 2169 3 2170 3 791 3 2170 4 793 4 791 4 2170 4 2171 4 793 4 2171 3 795 3 793 3 2171 3 2172 3 795 3 2172 3 797 3 795 3 2172 3 2173 3 797 3 2173 4 799 4 797 4 2173 4 2174 4 799 4 2174 3 801 3 799 3 2174 3 2175 3 801 3 2175 3 803 3 801 3 2175 3 2176 3 803 3 2176 4 805 4 803 4 2176 4 2177 4 805 4 2177 3 807 3 805 3 2177 3 2178 3 807 3 2178 3 809 3 807 3 2178 3 2179 3 809 3 2179 4 811 4 809 4 2179 4 2180 4 811 4 2180 3 813 3 811 3 2180 3 2181 3 813 3 2181 3 815 3 813 3 2181 3 2182 3 815 3 2182 4 817 4 815 4 2182 4 2183 4 817 4 2183 3 819 3 817 3 2183 3 2184 3 819 3 2184 3 821 3 819 3 2184 3 2185 3 821 3 2185 4 823 4 821 4 2185 4 2186 4 823 4 2186 3 825 3 823 3 2186 3 2187 3 825 3 2187 3 827 3 825 3 2187 3 2188 3 827 3 2188 4 829 4 827 4 2188 4 2189 4 829 4 2189 3 831 3 829 3 2189 3 2190 3 831 3 2190 3 833 3 831 3 2190 3 2191 3 833 3 2191 4 835 4 833 4 2191 4 2192 4 835 4 2192 3 837 3 835 3 2192 3 2193 3 837 3 2193 3 839 3 837 3 2193 3 2194 3 839 3 2194 4 841 4 839 4 2194 4 2195 4 841 4 2195 3 843 3 841 3 2195 3 2196 3 843 3 2196 3 845 3 843 3 2196 3 2197 3 845 3 2197 4 847 4 845 4 2197 4 2198 4 847 4 2198 3 849 3 847 3 2198 3 2199 3 849 3 2199 3 851 3 849 3 2199 3 2200 3 851 3 2200 4 853 4 851 4 2200 4 2201 4 853 4 2201 3 855 3 853 3 2201 3 2202 3 855 3 2202 3 857 3 855 3 2202 3 2203 3 857 3 2203 4 859 4 857 4 2203 4 2204 4 859 4 2204 3 861 3 859 3 2204 3 2205 3 861 3 2205 3 863 3 861 3 2205 3 2206 3 863 3 2206 4 865 4 863 4 2206 4 2207 4 865 4 2207 3 867 3 865 3 2207 3 2208 3 867 3 2208 3 869 3 867 3 2208 3 2209 3 869 3 2209 4 871 4 869 4 2209 4 2210 4 871 4 2210 3 873 3 871 3 2210 3 2211 3 873 3 2211 3 875 3 873 3 2211 3 2212 3 875 3 2212 4 877 4 875 4 2212 4 2213 4 877 4 2213 3 879 3 877 3 2213 3 2214 3 879 3 2214 3 881 3 879 3 2214 3 2215 3 881 3 2215 4 883 4 881 4 2215 4 2216 4 883 4 2216 3 885 3 883 3 2216 3 2217 3 885 3 2217 3 887 3 885 3 2217 3 2218 3 887 3 2218 4 889 4 887 4 2218 4 2219 4 889 4 2219 3 891 3 889 3 2219 3 2220 3 891 3 2220 3 893 3 891 3 2220 3 2221 3 893 3 2221 4 895 4 893 4 2221 4 2222 4 895 4 2222 3 897 3 895 3 2222 3 2223 3 897 3 2223 3 899 3 897 3 2223 3 2224 3 899 3 2224 4 901 4 899 4 2224 4 2225 4 901 4 2225 3 903 3 901 3 2225 3 2226 3 903 3 2226 3 905 3 903 3 2226 3 2227 3 905 3 2227 4 907 4 905 4 2227 4 2228 4 907 4 2228 3 909 3 907 3 2228 3 2229 3 909 3 2229 3 911 3 909 3 2229 3 2230 3 911 3 2230 4 913 4 911 4 2230 4 2231 4 913 4 2231 3 915 3 913 3 2231 3 2232 3 915 3 2232 3 917 3 915 3 2232 3 2233 3 917 3 2233 4 919 4 917 4 2233 4 2234 4 919 4 2234 3 921 3 919 3 2234 3 2235 3 921 3 2235 3 923 3 921 3 2235 3 2236 3 923 3 2236 4 925 4 923 4 2236 4 2237 4 925 4 2237 3 927 3 925 3 2237 3 2238 3 927 3 2238 3 929 3 927 3 2238 3 2239 3 929 3 2239 4 931 4 929 4 2239 4 2240 4 931 4 2240 3 933 3 931 3 2240 3 2241 3 933 3 2241 3 935 3 933 3 2241 3 2242 3 935 3 2242 4 937 4 935 4 2242 4 2243 4 937 4 2243 3 939 3 937 3 2243 3 2244 3 939 3 2244 3 941 3 939 3 2244 3 2245 3 941 3 2245 4 943 4 941 4 2245 4 2246 4 943 4 2246 3 945 3 943 3 2246 3 2247 3 945 3 2247 3 947 3 945 3 2247 3 2248 3 947 3 2248 4 949 4 947 4 2248 4 2249 4 949 4 2249 3 951 3 949 3 2249 3 2250 3 951 3 2250 3 953 3 951 3 2250 3 2251 3 953 3 2251 4 955 4 953 4 2251 4 2252 4 955 4 2252 3 957 3 955 3 2252 3 2253 3 957 3 2253 3 959 3 957 3 2253 3 2254 3 959 3 2254 4 961 4 959 4 2254 4 2255 4 961 4 2255 3 963 3 961 3 2255 3 2256 3 963 3 2256 3 965 3 963 3 2256 3 2257 3 965 3 2257 4 967 4 965 4 2257 4 2258 4 967 4 2258 3 969 3 967 3 2258 3 2259 3 969 3 2259 3 971 3 969 3 2259 3 2260 3 971 3 2260 4 973 4 971 4 2260 4 2261 4 973 4 2261 3 975 3 973 3 2261 3 2262 3 975 3 2262 3 977 3 975 3 2262 3 2263 3 977 3 2263 4 979 4 977 4 2263 4 2264 4 979 4 2264 3 981 3 979 3 2264 3 2265 3 981 3 2265 3 983 3 981 3 2265 3 2266 3 983 3 2266 4 985 4 983 4 2266 4 2267 4 985 4 2267 3 987 3 985 3 2267 3 2268 3 987 3 2268 3 989 3 987 3 2268 3 2269 3 989 3 2269 4 991 4 989 4 2269 4 2270 4 991 4 2270 3 993 3 991 3 2270 3 2271 3 993 3 2271 3 995 3 993 3 2271 3 2272 3 995 3 2272 4 997 4 995 4 2272 4 2273 4 997 4 2273 3 999 3 997 3 2273 3 2274 3 999 3 2274 3 1001 3 999 3 2274 3 2275 3 1001 3 2275 4 1003 4 1001 4 2275 4 2276 4 1003 4 2276 3 1005 3 1003 3 2276 3 2277 3 1005 3 2277 3 1007 3 1005 3 2277 3 2278 3 1007 3 2278 4 1009 4 1007 4 2278 4 2279 4 1009 4 2279 3 1011 3 1009 3 2279 3 2280 3 1011 3 2280 3 1013 3 1011 3 2280 3 2281 3 1013 3 2281 4 1015 4 1013 4 2281 4 2282 4 1015 4 2282 3 1017 3 1015 3 2282 3 2283 3 1017 3 2283 3 1019 3 1017 3 2283 3 2284 3 1019 3 2284 4 1021 4 1019 4 2284 4 2285 4 1021 4 2285 3 1023 3 1021 3 2285 3 2286 3 1023 3 2286 3 1025 3 1023 3 2286 3 2287 3 1025 3 2287 4 1027 4 1025 4 2287 4 2288 4 1027 4 2288 3 1029 3 1027 3 2288 3 2289 3 1029 3 2289 3 1031 3 1029 3 2289 3 2290 3 1031 3 2290 4 1033 4 1031 4 2290 4 2291 4 1033 4 2291 3 1035 3 1033 3 2291 3 2292 3 1035 3 2292 3 1037 3 1035 3 2292 3 2293 3 1037 3 2293 4 1039 4 1037 4 2293 4 2294 4 1039 4 2294 3 1041 3 1039 3 2294 3 2295 3 1041 3 2295 3 1043 3 1041 3 2295 3 2296 3 1043 3 2296 4 1045 4 1043 4 2296 4 2297 4 1045 4 2297 3 1047 3 1045 3 2297 3 2298 3 1047 3 2298 3 1049 3 1047 3 2298 3 2299 3 1049 3 2299 4 1051 4 1049 4 2299 4 2300 4 1051 4 2300 3 1053 3 1051 3 2300 3 2301 3 1053 3 2301 3 1055 3 1053 3 2301 3 2302 3 1055 3 2302 4 1057 4 1055 4 2302 4 2303 4 1057 4 2303 3 1059 3 1057 3 2303 3 2304 3 1059 3 2304 3 1061 3 1059 3 2304 3 2305 3 1061 3 2305 4 1063 4 1061 4 2305 4 2306 4 1063 4 2306 3 1065 3 1063 3 2306 3 2307 3 1065 3 2307 3 1067 3 1065 3 2307 3 2308 3 1067 3 2308 4 1069 4 1067 4 2308 4 2309 4 1069 4 2309 3 1071 3 1069 3 2309 3 2310 3 1071 3 2310 3 1073 3 1071 3 2310 3 2311 3 1073 3 2311 4 1075 4 1073 4 2311 4 2312 4 1075 4 2312 3 1077 3 1075 3 2312 3 2313 3 1077 3 2313 3 1079 3 1077 3 2313 3 2314 3 1079 3 2314 4 1081 4 1079 4 2314 4 2315 4 1081 4 2315 3 1083 3 1081 3 2315 3 2316 3 1083 3 2316 3 1085 3 1083 3 2316 3 2317 3 1085 3 2317 4 1087 4 1085 4 2317 4 2318 4 1087 4 2318 3 1089 3 1087 3 2318 3 2319 3 1089 3 2319 3 1091 3 1089 3 2319 3 2320 3 1091 3 2320 5 2321 5 1091 5 2320 0 2322 0 2321 0 1774 6 1093 6 2323 6 1774 6 0 6 1093 6 1091 7 2324 7 1094 7 1091 7 2321 7 2324 7 2323 1 1095 1 2325 1 2323 1 1093 1 1095 1 1094 8 2326 8 1096 8 1094 8 2324 8 2326 8 2325 1 1097 1 2327 1 2325 1 1095 1 1097 1 1096 8 2328 8 1098 8 1096 8 2326 8 2328 8 2327 6 1099 6 2329 6 2327 6 1097 6 1099 6 1098 7 2330 7 1100 7 1098 7 2328 7 2330 7 2329 1 1101 1 2331 1 2329 1 1099 1 1101 1 1100 8 2332 8 1102 8 1100 8 2330 8 2332 8 2331 1 1103 1 2333 1 2331 1 1101 1 1103 1 1102 8 2334 8 1104 8 1102 8 2332 8 2334 8 2333 6 1105 6 2335 6 2333 6 1103 6 1105 6 1104 7 2336 7 1106 7 1104 7 2334 7 2336 7 2335 1 1107 1 2337 1 2335 1 1105 1 1107 1 1106 8 2338 8 1108 8 1106 8 2336 8 2338 8 2337 1 1109 1 2339 1 2337 1 1107 1 1109 1 1108 8 2340 8 1110 8 1108 8 2338 8 2340 8 2339 6 1111 6 2341 6 2339 6 1109 6 1111 6 1110 7 2342 7 1112 7 1110 7 2340 7 2342 7 2341 1 1113 1 2343 1 2341 1 1111 1 1113 1 1112 8 2344 8 1114 8 1112 8 2342 8 2344 8 2343 1 1115 1 2345 1 2343 1 1113 1 1115 1 1114 8 2346 8 1116 8 1114 8 2344 8 2346 8 2345 6 1117 6 2347 6 2345 6 1115 6 1117 6 1116 7 2348 7 1118 7 1116 7 2346 7 2348 7 2347 1 1119 1 2349 1 2347 1 1117 1 1119 1 1118 8 2350 8 1120 8 1118 8 2348 8 2350 8 2349 1 1121 1 2351 1 2349 1 1119 1 1121 1 1120 8 2352 8 1122 8 1120 8 2350 8 2352 8 2351 6 1123 6 2353 6 2351 6 1121 6 1123 6 1122 7 2354 7 1124 7 1122 7 2352 7 2354 7 2353 1 1125 1 2355 1 2353 1 1123 1 1125 1 1124 8 2356 8 1126 8 1124 8 2354 8 2356 8 2355 1 1127 1 2357 1 2355 1 1125 1 1127 1 1126 8 2358 8 1128 8 1126 8 2356 8 2358 8 2357 6 1129 6 2359 6 2357 6 1127 6 1129 6 1128 7 2360 7 1130 7 1128 7 2358 7 2360 7 2359 1 1131 1 2361 1 2359 1 1129 1 1131 1 1130 8 2362 8 1132 8 1130 8 2360 8 2362 8 2361 1 1133 1 2363 1 2361 1 1131 1 1133 1 1132 8 2364 8 1134 8 1132 8 2362 8 2364 8 2363 6 1135 6 2365 6 2363 6 1133 6 1135 6 1134 7 2366 7 1136 7 1134 7 2364 7 2366 7 2365 1 1137 1 2367 1 2365 1 1135 1 1137 1 1136 8 2368 8 1138 8 1136 8 2366 8 2368 8 2367 6 1139 6 2369 6 2367 6 1137 6 1139 6 1138 7 2370 7 1140 7 1138 7 2368 7 2370 7 2369 1 1141 1 2371 1 2369 1 1139 1 1141 1 1140 8 2372 8 1142 8 1140 8 2370 8 2372 8 2371 1 1143 1 2373 1 2371 1 1141 1 1143 1 1142 8 2374 8 1144 8 1142 8 2372 8 2374 8 2373 6 1145 6 2375 6 2373 6 1143 6 1145 6 1144 7 2376 7 1146 7 1144 7 2374 7 2376 7 2375 1 1147 1 2377 1 2375 1 1145 1 1147 1 1146 8 2378 8 1148 8 1146 8 2376 8 2378 8 2377 1 1149 1 2379 1 2377 1 1147 1 1149 1 1148 8 2380 8 1150 8 1148 8 2378 8 2380 8 2379 6 1151 6 2381 6 2379 6 1149 6 1151 6 1150 7 2382 7 1152 7 1150 7 2380 7 2382 7 2381 1 1153 1 2383 1 2381 1 1151 1 1153 1 1152 8 2384 8 1154 8 1152 8 2382 8 2384 8 2383 1 1155 1 2385 1 2383 1 1153 1 1155 1 1154 8 2386 8 1156 8 1154 8 2384 8 2386 8 2385 6 1157 6 2387 6 2385 6 1155 6 1157 6 1156 7 2388 7 1158 7 1156 7 2386 7 2388 7 2387 1 1159 1 2389 1 2387 1 1157 1 1159 1 1158 8 2390 8 1160 8 1158 8 2388 8 2390 8 2389 1 1161 1 2391 1 2389 1 1159 1 1161 1 1160 8 2392 8 1162 8 1160 8 2390 8 2392 8 2391 6 1163 6 2393 6 2391 6 1161 6 1163 6 1162 7 2394 7 1164 7 1162 7 2392 7 2394 7 2393 1 1165 1 2395 1 2393 1 1163 1 1165 1 1164 8 2396 8 1166 8 1164 8 2394 8 2396 8 2395 1 1167 1 2397 1 2395 1 1165 1 1167 1 1166 8 2398 8 1168 8 1166 8 2396 8 2398 8 2397 6 1169 6 2399 6 2397 6 1167 6 1169 6 1168 7 2400 7 1170 7 1168 7 2398 7 2400 7 2399 1 1171 1 2401 1 2399 1 1169 1 1171 1 1170 8 2402 8 1172 8 1170 8 2400 8 2402 8 2401 1 1173 1 2403 1 2401 1 1171 1 1173 1 1172 8 2404 8 1174 8 1172 8 2402 8 2404 8 2403 6 1175 6 2405 6 2403 6 1173 6 1175 6 1174 7 2406 7 1176 7 1174 7 2404 7 2406 7 2405 1 1177 1 2407 1 2405 1 1175 1 1177 1 1176 8 2408 8 1178 8 1176 8 2406 8 2408 8 2407 1 1179 1 2409 1 2407 1 1177 1 1179 1 1178 8 2410 8 1180 8 1178 8 2408 8 2410 8 2409 6 1181 6 2411 6 2409 6 1179 6 1181 6 1180 7 2412 7 1182 7 1180 7 2410 7 2412 7 2411 1 1183 1 2413 1 2411 1 1181 1 1183 1 1182 8 2414 8 1184 8 1182 8 2412 8 2414 8 2413 1 1185 1 2415 1 2413 1 1183 1 1185 1 1184 8 2416 8 1186 8 1184 8 2414 8 2416 8 2415 6 1187 6 2417 6 2415 6 1185 6 1187 6 1186 7 2418 7 1188 7 1186 7 2416 7 2418 7 2417 1 1189 1 2419 1 2417 1 1187 1 1189 1 1188 8 2420 8 1190 8 1188 8 2418 8 2420 8 2419 1 1191 1 2421 1 2419 1 1189 1 1191 1 1190 8 2422 8 1192 8 1190 8 2420 8 2422 8 2421 6 1193 6 2423 6 2421 6 1191 6 1193 6 1192 7 2424 7 1194 7 1192 7 2422 7 2424 7 2423 1 1195 1 2425 1 2423 1 1193 1 1195 1 1194 8 2426 8 1196 8 1194 8 2424 8 2426 8 2425 1 1197 1 2427 1 2425 1 1195 1 1197 1 1196 8 2428 8 1198 8 1196 8 2426 8 2428 8 2427 6 1199 6 2429 6 2427 6 1197 6 1199 6 1198 7 2430 7 1200 7 1198 7 2428 7 2430 7 2429 1 1201 1 2431 1 2429 1 1199 1 1201 1 1200 8 2432 8 1202 8 1200 8 2430 8 2432 8 2431 1 1203 1 2433 1 2431 1 1201 1 1203 1 1202 8 2434 8 1204 8 1202 8 2432 8 2434 8 2433 6 1205 6 2435 6 2433 6 1203 6 1205 6 1204 7 2436 7 1206 7 1204 7 2434 7 2436 7 2435 1 1207 1 2437 1 2435 1 1205 1 1207 1 1206 8 2438 8 1208 8 1206 8 2436 8 2438 8 2437 1 1209 1 2439 1 2437 1 1207 1 1209 1 1208 8 2440 8 1210 8 1208 8 2438 8 2440 8 2439 6 1211 6 2441 6 2439 6 1209 6 1211 6 1210 7 2442 7 1212 7 1210 7 2440 7 2442 7 2441 1 1213 1 2443 1 2441 1 1211 1 1213 1 1212 8 2444 8 1214 8 1212 8 2442 8 2444 8 2443 1 1215 1 2445 1 2443 1 1213 1 1215 1 1214 8 2446 8 1216 8 1214 8 2444 8 2446 8 2445 6 1217 6 2447 6 2445 6 1215 6 1217 6 1216 7 2448 7 1218 7 1216 7 2446 7 2448 7 2447 1 1219 1 2449 1 2447 1 1217 1 1219 1 1218 8 2450 8 1220 8 1218 8 2448 8 2450 8 2449 1 1221 1 2451 1 2449 1 1219 1 1221 1 1220 8 2452 8 1222 8 1220 8 2450 8 2452 8 2451 6 1223 6 2453 6 2451 6 1221 6 1223 6 1222 7 2454 7 1224 7 1222 7 2452 7 2454 7 2453 1 1225 1 2455 1 2453 1 1223 1 1225 1 1224 8 2456 8 1226 8 1224 8 2454 8 2456 8 2455 1 1227 1 2457 1 2455 1 1225 1 1227 1 1226 8 2458 8 1228 8 1226 8 2456 8 2458 8 2457 6 1229 6 2459 6 2457 6 1227 6 1229 6 1228 7 2460 7 1230 7 1228 7 2458 7 2460 7 2459 1 1231 1 2461 1 2459 1 1229 1 1231 1 1230 8 2462 8 1232 8 1230 8 2460 8 2462 8 2461 1 1233 1 2463 1 2461 1 1231 1 1233 1 1232 8 2464 8 1234 8 1232 8 2462 8 2464 8 2463 6 1235 6 2465 6 2463 6 1233 6 1235 6 1234 7 2466 7 1236 7 1234 7 2464 7 2466 7 2465 1 1237 1 2467 1 2465 1 1235 1 1237 1 1236 8 2468 8 1238 8 1236 8 2466 8 2468 8 2467 1 1239 1 2469 1 2467 1 1237 1 1239 1 1238 8 2470 8 1240 8 1238 8 2468 8 2470 8 2469 6 1241 6 2471 6 2469 6 1239 6 1241 6 1240 8 2472 8 1242 8 1240 8 2470 8 2472 8 2471 6 1243 6 2473 6 2471 6 1241 6 1243 6 1242 8 2474 8 1244 8 1242 8 2472 8 2474 8 2473 1 1245 1 2475 1 2473 1 1243 1 1245 1 1244 8 2476 8 1246 8 1244 8 2474 8 2476 8 2475 6 1247 6 2477 6 2475 6 1245 6 1247 6 1246 8 2478 8 1248 8 1246 8 2476 8 2478 8 2477 6 1249 6 2479 6 2477 6 1247 6 1249 6 1248 8 2480 8 1250 8 1248 8 2478 8 2480 8 2479 1 1251 1 2481 1 2479 1 1249 1 1251 1 1250 8 2482 8 1252 8 1250 8 2480 8 2482 8 2481 6 1253 6 2483 6 2481 6 1251 6 1253 6 1252 8 2484 8 1254 8 1252 8 2482 8 2484 8 2483 6 1255 6 2485 6 2483 6 1253 6 1255 6 1254 8 2486 8 1256 8 1254 8 2484 8 2486 8 2485 1 1257 1 2487 1 2485 1 1255 1 1257 1 1256 8 2488 8 1258 8 1256 8 2486 8 2488 8 2487 6 1259 6 2489 6 2487 6 1257 6 1259 6 1258 8 2490 8 1260 8 1258 8 2488 8 2490 8 2489 6 1261 6 2491 6 2489 6 1259 6 1261 6 1260 8 2492 8 1262 8 1260 8 2490 8 2492 8 2491 1 1263 1 2493 1 2491 1 1261 1 1263 1 1262 8 2494 8 1264 8 1262 8 2492 8 2494 8 2493 6 1265 6 2495 6 2493 6 1263 6 1265 6 1264 8 2496 8 1266 8 1264 8 2494 8 2496 8 2495 6 1267 6 2497 6 2495 6 1265 6 1267 6 1266 8 2498 8 1268 8 1266 8 2496 8 2498 8 2497 1 1269 1 2499 1 2497 1 1267 1 1269 1 1268 8 2500 8 1270 8 1268 8 2498 8 2500 8 2499 6 1271 6 2501 6 2499 6 1269 6 1271 6 1270 8 2502 8 1272 8 1270 8 2500 8 2502 8 2501 6 1273 6 2503 6 2501 6 1271 6 1273 6 1272 8 2504 8 1274 8 1272 8 2502 8 2504 8 2503 1 1275 1 2505 1 2503 1 1273 1 1275 1 1274 8 2506 8 1276 8 1274 8 2504 8 2506 8 2505 6 1277 6 2507 6 2505 6 1275 6 1277 6 1276 8 2508 8 1278 8 1276 8 2506 8 2508 8 2507 6 1279 6 2509 6 2507 6 1277 6 1279 6 1278 8 2510 8 1280 8 1278 8 2508 8 2510 8 2509 1 1281 1 2511 1 2509 1 1279 1 1281 1 1280 8 2512 8 1282 8 1280 8 2510 8 2512 8 2511 6 1283 6 2513 6 2511 6 1281 6 1283 6 1282 7 2514 7 1284 7 1282 7 2512 7 2514 7 2513 1 1285 1 2515 1 2513 1 1283 1 1285 1 1284 8 2516 8 1286 8 1284 8 2514 8 2516 8 2515 1 1287 1 2517 1 2515 1 1285 1 1287 1 1286 8 2518 8 1288 8 1286 8 2516 8 2518 8 2517 6 1289 6 2519 6 2517 6 1287 6 1289 6 1288 7 2520 7 1290 7 1288 7 2518 7 2520 7 2519 1 1291 1 2521 1 2519 1 1289 1 1291 1 1290 8 2522 8 1292 8 1290 8 2520 8 2522 8 2521 1 1293 1 2523 1 2521 1 1291 1 1293 1 1292 8 2524 8 1294 8 1292 8 2522 8 2524 8 2523 6 1295 6 2525 6 2523 6 1293 6 1295 6 1294 7 2526 7 1296 7 1294 7 2524 7 2526 7 2525 1 1297 1 2527 1 2525 1 1295 1 1297 1 1296 8 2528 8 1298 8 1296 8 2526 8 2528 8 2527 1 1299 1 2529 1 2527 1 1297 1 1299 1 1298 8 2530 8 1300 8 1298 8 2528 8 2530 8 2529 6 1301 6 2531 6 2529 6 1299 6 1301 6 1300 7 2532 7 1302 7 1300 7 2530 7 2532 7 2531 1 1303 1 2533 1 2531 1 1301 1 1303 1 1302 8 2534 8 1304 8 1302 8 2532 8 2534 8 2533 1 1305 1 2535 1 2533 1 1303 1 1305 1 1304 8 2536 8 1306 8 1304 8 2534 8 2536 8 2535 6 1307 6 2537 6 2535 6 1305 6 1307 6 1306 7 2538 7 1308 7 1306 7 2536 7 2538 7 2537 1 1309 1 2539 1 2537 1 1307 1 1309 1 1308 8 2540 8 1310 8 1308 8 2538 8 2540 8 2539 1 1311 1 2541 1 2539 1 1309 1 1311 1 1310 8 2542 8 1312 8 1310 8 2540 8 2542 8 2541 6 1313 6 2543 6 2541 6 1311 6 1313 6 1312 7 2544 7 1314 7 1312 7 2542 7 2544 7 2543 1 1315 1 2545 1 2543 1 1313 1 1315 1 1314 8 2546 8 1316 8 1314 8 2544 8 2546 8 2545 1 1317 1 2547 1 2545 1 1315 1 1317 1 1316 8 2548 8 1318 8 1316 8 2546 8 2548 8 2547 6 1319 6 2549 6 2547 6 1317 6 1319 6 1318 7 2550 7 1320 7 1318 7 2548 7 2550 7 2549 1 1321 1 2551 1 2549 1 1319 1 1321 1 1320 8 2552 8 1322 8 1320 8 2550 8 2552 8 2551 1 1323 1 2553 1 2551 1 1321 1 1323 1 1322 8 2554 8 1324 8 1322 8 2552 8 2554 8 2553 6 1325 6 2555 6 2553 6 1323 6 1325 6 1324 7 2556 7 1326 7 1324 7 2554 7 2556 7 2555 1 1327 1 2557 1 2555 1 1325 1 1327 1 1326 8 2558 8 1328 8 1326 8 2556 8 2558 8 2557 1 1329 1 2559 1 2557 1 1327 1 1329 1 1328 8 2560 8 1330 8 1328 8 2558 8 2560 8 2559 6 1331 6 2561 6 2559 6 1329 6 1331 6 1330 7 2562 7 1332 7 1330 7 2560 7 2562 7 2561 1 1333 1 2563 1 2561 1 1331 1 1333 1 1332 8 2564 8 1334 8 1332 8 2562 8 2564 8 2563 1 1335 1 2565 1 2563 1 1333 1 1335 1 1334 8 2566 8 1336 8 1334 8 2564 8 2566 8 2565 6 1337 6 2567 6 2565 6 1335 6 1337 6 1336 7 2568 7 1338 7 1336 7 2566 7 2568 7 2567 1 1339 1 2569 1 2567 1 1337 1 1339 1 1338 8 2570 8 1340 8 1338 8 2568 8 2570 8 2569 1 1341 1 2571 1 2569 1 1339 1 1341 1 1340 8 2572 8 1342 8 1340 8 2570 8 2572 8 2571 6 1343 6 2573 6 2571 6 1341 6 1343 6 1342 7 2574 7 1344 7 1342 7 2572 7 2574 7 2573 1 1345 1 2575 1 2573 1 1343 1 1345 1 1344 8 2576 8 1346 8 1344 8 2574 8 2576 8 2575 1 1347 1 2577 1 2575 1 1345 1 1347 1 1346 8 2578 8 1348 8 1346 8 2576 8 2578 8 2577 6 1349 6 2579 6 2577 6 1347 6 1349 6 1348 7 2580 7 1350 7 1348 7 2578 7 2580 7 2579 1 1351 1 2581 1 2579 1 1349 1 1351 1 1350 8 2582 8 1352 8 1350 8 2580 8 2582 8 2581 1 1353 1 2583 1 2581 1 1351 1 1353 1 1352 8 2584 8 1354 8 1352 8 2582 8 2584 8 2583 6 1355 6 2585 6 2583 6 1353 6 1355 6 1354 7 2586 7 1356 7 1354 7 2584 7 2586 7 2585 1 1357 1 2587 1 2585 1 1355 1 1357 1 1356 8 2588 8 1358 8 1356 8 2586 8 2588 8 2587 1 1359 1 2589 1 2587 1 1357 1 1359 1 1358 8 2590 8 1360 8 1358 8 2588 8 2590 8 2589 6 1361 6 2591 6 2589 6 1359 6 1361 6 1360 7 2592 7 1362 7 1360 7 2590 7 2592 7 2591 1 1363 1 2593 1 2591 1 1361 1 1363 1 1362 8 2594 8 1364 8 1362 8 2592 8 2594 8 2593 1 1365 1 2595 1 2593 1 1363 1 1365 1 1364 8 2596 8 1366 8 1364 8 2594 8 2596 8 2595 6 1367 6 2597 6 2595 6 1365 6 1367 6 1366 7 2598 7 1368 7 1366 7 2596 7 2598 7 2597 1 1369 1 2599 1 2597 1 1367 1 1369 1 1368 8 2600 8 1370 8 1368 8 2598 8 2600 8 2599 1 1371 1 2601 1 2599 1 1369 1 1371 1 1370 8 2602 8 1372 8 1370 8 2600 8 2602 8 2601 6 1373 6 2603 6 2601 6 1371 6 1373 6 1372 7 2604 7 1374 7 1372 7 2602 7 2604 7 2603 1 1375 1 2605 1 2603 1 1373 1 1375 1 1374 8 2606 8 1376 8 1374 8 2604 8 2606 8 2605 1 1377 1 2607 1 2605 1 1375 1 1377 1 1376 8 2608 8 1378 8 1376 8 2606 8 2608 8 2607 6 1379 6 2609 6 2607 6 1377 6 1379 6 1378 7 2610 7 1380 7 1378 7 2608 7 2610 7 2609 1 1381 1 2611 1 2609 1 1379 1 1381 1 1380 8 2612 8 1382 8 1380 8 2610 8 2612 8 2611 1 1383 1 2613 1 2611 1 1381 1 1383 1 1382 8 2614 8 1384 8 1382 8 2612 8 2614 8 2613 6 1385 6 2615 6 2613 6 1383 6 1385 6 1384 7 2616 7 1386 7 1384 7 2614 7 2616 7 2615 1 1387 1 2617 1 2615 1 1385 1 1387 1 1386 8 2618 8 1388 8 1386 8 2616 8 2618 8 2617 1 1389 1 2619 1 2617 1 1387 1 1389 1 1388 8 2620 8 1390 8 1388 8 2618 8 2620 8 2619 6 1391 6 2621 6 2619 6 1389 6 1391 6 1390 7 2622 7 1392 7 1390 7 2620 7 2622 7 2621 1 1393 1 2623 1 2621 1 1391 1 1393 1 1392 8 2624 8 1394 8 1392 8 2622 8 2624 8 2623 1 1395 1 2625 1 2623 1 1393 1 1395 1 1394 8 2626 8 1396 8 1394 8 2624 8 2626 8 2625 6 1397 6 2627 6 2625 6 1395 6 1397 6 1396 7 2628 7 1398 7 1396 7 2626 7 2628 7 2627 1 1399 1 2629 1 2627 1 1397 1 1399 1 1398 8 2630 8 1400 8 1398 8 2628 8 2630 8 2629 1 1401 1 2631 1 2629 1 1399 1 1401 1 1400 8 2632 8 1402 8 1400 8 2630 8 2632 8 2631 6 1403 6 2633 6 2631 6 1401 6 1403 6 1402 7 2634 7 1404 7 1402 7 2632 7 2634 7 2633 1 1405 1 2635 1 2633 1 1403 1 1405 1 1404 8 2636 8 1406 8 1404 8 2634 8 2636 8 2635 1 1407 1 2637 1 2635 1 1405 1 1407 1 1406 8 2638 8 1408 8 1406 8 2636 8 2638 8 2637 6 1409 6 2639 6 2637 6 1407 6 1409 6 1408 7 2640 7 1410 7 1408 7 2638 7 2640 7 2639 1 1411 1 2641 1 2639 1 1409 1 1411 1 1410 8 2642 8 1412 8 1410 8 2640 8 2642 8 2641 1 1413 1 2643 1 2641 1 1411 1 1413 1 1412 8 2644 8 1414 8 1412 8 2642 8 2644 8 2643 6 1415 6 2645 6 2643 6 1413 6 1415 6 1414 7 2646 7 1416 7 1414 7 2644 7 2646 7 2645 1 1417 1 2647 1 2645 1 1415 1 1417 1 1416 8 2648 8 1418 8 1416 8 2646 8 2648 8 2647 1 1419 1 2649 1 2647 1 1417 1 1419 1 1418 8 2650 8 1420 8 1418 8 2648 8 2650 8 2649 6 1421 6 2651 6 2649 6 1419 6 1421 6 1420 7 2652 7 1422 7 1420 7 2650 7 2652 7 2651 1 1423 1 2653 1 2651 1 1421 1 1423 1 1422 8 2654 8 1424 8 1422 8 2652 8 2654 8 2653 1 1425 1 2655 1 2653 1 1423 1 1425 1 1424 8 2656 8 1426 8 1424 8 2654 8 2656 8 2655 6 1427 6 2657 6 2655 6 1425 6 1427 6 1426 7 2658 7 1428 7 1426 7 2656 7 2658 7 2657 1 1429 1 2659 1 2657 1 1427 1 1429 1 1428 8 2660 8 1430 8 1428 8 2658 8 2660 8 2659 1 1431 1 2661 1 2659 1 1429 1 1431 1 1430 8 2662 8 1432 8 1430 8 2660 8 2662 8 2661 6 1433 6 2663 6 2661 6 1431 6 1433 6 1432 7 2664 7 1434 7 1432 7 2662 7 2664 7 2663 1 1435 1 2665 1 2663 1 1433 1 1435 1 1434 8 2666 8 1436 8 1434 8 2664 8 2666 8 2665 1 1437 1 2667 1 2665 1 1435 1 1437 1 1436 8 2668 8 1438 8 1436 8 2666 8 2668 8 2667 6 1439 6 2669 6 2667 6 1437 6 1439 6 1438 7 2670 7 1440 7 1438 7 2668 7 2670 7 2669 1 1441 1 2671 1 2669 1 1439 1 1441 1 1440 8 2672 8 1442 8 1440 8 2670 8 2672 8 2671 1 1443 1 2673 1 2671 1 1441 1 1443 1 1442 8 2674 8 1444 8 1442 8 2672 8 2674 8 2673 6 1445 6 2675 6 2673 6 1443 6 1445 6 1444 7 2676 7 1446 7 1444 7 2674 7 2676 7 2675 1 1447 1 2677 1 2675 1 1445 1 1447 1 1446 8 2678 8 1448 8 1446 8 2676 8 2678 8 2677 1 1449 1 2679 1 2677 1 1447 1 1449 1 1448 8 2680 8 1450 8 1448 8 2678 8 2680 8 2679 6 1451 6 2681 6 2679 6 1449 6 1451 6 1450 7 2682 7 1452 7 1450 7 2680 7 2682 7 2681 1 1453 1 2683 1 2681 1 1451 1 1453 1 1452 8 2684 8 1454 8 1452 8 2682 8 2684 8 2683 1 1455 1 2685 1 2683 1 1453 1 1455 1 1454 8 2686 8 1456 8 1454 8 2684 8 2686 8 2685 6 1457 6 2687 6 2685 6 1455 6 1457 6 1456 7 2688 7 1458 7 1456 7 2686 7 2688 7 2687 1 1459 1 2689 1 2687 1 1457 1 1459 1 1458 8 2690 8 1460 8 1458 8 2688 8 2690 8 2689 1 1461 1 2691 1 2689 1 1459 1 1461 1 1460 8 2692 8 1462 8 1460 8 2690 8 2692 8 2691 6 1463 6 2693 6 2691 6 1461 6 1463 6 1462 7 2694 7 1464 7 1462 7 2692 7 2694 7 2693 1 1465 1 2695 1 2693 1 1463 1 1465 1 1464 8 2696 8 1466 8 1464 8 2694 8 2696 8 2695 1 1467 1 2697 1 2695 1 1465 1 1467 1 1466 8 2698 8 1468 8 1466 8 2696 8 2698 8 2697 6 1469 6 2699 6 2697 6 1467 6 1469 6 1468 7 2700 7 1470 7 1468 7 2698 7 2700 7 2699 1 1471 1 2701 1 2699 1 1469 1 1471 1 1470 8 2702 8 1472 8 1470 8 2700 8 2702 8 2701 1 1473 1 2703 1 2701 1 1471 1 1473 1 1472 8 2704 8 1474 8 1472 8 2702 8 2704 8 2703 6 1475 6 2705 6 2703 6 1473 6 1475 6 1474 7 2706 7 1476 7 1474 7 2704 7 2706 7 2705 6 1477 6 2707 6 2705 6 1475 6 1477 6 1476 7 2708 7 1478 7 1476 7 2706 7 2708 7 2707 6 1479 6 2709 6 2707 6 1477 6 1479 6 1478 8 2710 8 1480 8 1478 8 2708 8 2710 8 2709 6 1481 6 2711 6 2709 6 1479 6 1481 6 1480 7 2712 7 1482 7 1480 7 2710 7 2712 7 2711 6 1483 6 2713 6 2711 6 1481 6 1483 6 1482 7 2714 7 1484 7 1482 7 2712 7 2714 7 2713 6 1485 6 2715 6 2713 6 1483 6 1485 6 1484 8 2716 8 1486 8 1484 8 2714 8 2716 8 2715 6 1487 6 2717 6 2715 6 1485 6 1487 6 1486 7 2718 7 1488 7 1486 7 2716 7 2718 7 2717 6 1489 6 2719 6 2717 6 1487 6 1489 6 1488 7 2720 7 1490 7 1488 7 2718 7 2720 7 2719 6 1491 6 2721 6 2719 6 1489 6 1491 6 1490 8 2722 8 1492 8 1490 8 2720 8 2722 8 2721 6 1493 6 2723 6 2721 6 1491 6 1493 6 1492 7 2724 7 1494 7 1492 7 2722 7 2724 7 2723 6 1495 6 2725 6 2723 6 1493 6 1495 6 1494 7 2726 7 1496 7 1494 7 2724 7 2726 7 2725 6 1497 6 2727 6 2725 6 1495 6 1497 6 1496 8 2728 8 1498 8 1496 8 2726 8 2728 8 2727 6 1499 6 2729 6 2727 6 1497 6 1499 6 1498 7 2730 7 1500 7 1498 7 2728 7 2730 7 2729 6 1501 6 2731 6 2729 6 1499 6 1501 6 1500 7 2732 7 1502 7 1500 7 2730 7 2732 7 2731 6 1503 6 2733 6 2731 6 1501 6 1503 6 1502 8 2734 8 1504 8 1502 8 2732 8 2734 8 2733 6 1505 6 2735 6 2733 6 1503 6 1505 6 1504 7 2736 7 1506 7 1504 7 2734 7 2736 7 2735 6 1507 6 2737 6 2735 6 1505 6 1507 6 1506 7 2738 7 1508 7 1506 7 2736 7 2738 7 2737 6 1509 6 2739 6 2737 6 1507 6 1509 6 1508 8 2740 8 1510 8 1508 8 2738 8 2740 8 2739 6 1511 6 2741 6 2739 6 1509 6 1511 6 1510 7 2742 7 1512 7 1510 7 2740 7 2742 7 2741 6 1513 6 2743 6 2741 6 1511 6 1513 6 1512 7 2744 7 1514 7 1512 7 2742 7 2744 7 2743 6 1515 6 2745 6 2743 6 1513 6 1515 6 1514 8 2746 8 1516 8 1514 8 2744 8 2746 8 2745 6 1517 6 2747 6 2745 6 1515 6 1517 6 1516 7 2748 7 1518 7 1516 7 2746 7 2748 7 2747 6 1519 6 2749 6 2747 6 1517 6 1519 6 1518 7 2750 7 1520 7 1518 7 2748 7 2750 7 2749 6 1521 6 2751 6 2749 6 1519 6 1521 6 1520 8 2752 8 1522 8 1520 8 2750 8 2752 8 2751 6 1523 6 2753 6 2751 6 1521 6 1523 6 1522 7 2754 7 1524 7 1522 7 2752 7 2754 7 2753 6 1525 6 2755 6 2753 6 1523 6 1525 6 1524 7 2756 7 1526 7 1524 7 2754 7 2756 7 2755 6 1527 6 2757 6 2755 6 1525 6 1527 6 1526 8 2758 8 1528 8 1526 8 2756 8 2758 8 2757 6 1529 6 2759 6 2757 6 1527 6 1529 6 1528 7 2760 7 1530 7 1528 7 2758 7 2760 7 2759 6 1531 6 2761 6 2759 6 1529 6 1531 6 1530 7 2762 7 1532 7 1530 7 2760 7 2762 7 2761 6 1533 6 2763 6 2761 6 1531 6 1533 6 1532 8 2764 8 1534 8 1532 8 2762 8 2764 8 2763 6 1535 6 2765 6 2763 6 1533 6 1535 6 1534 7 2766 7 1536 7 1534 7 2764 7 2766 7 2765 6 1537 6 2767 6 2765 6 1535 6 1537 6 1536 7 2768 7 1538 7 1536 7 2766 7 2768 7 2767 6 1539 6 2769 6 2767 6 1537 6 1539 6 1538 8 2770 8 1540 8 1538 8 2768 8 2770 8 2769 6 1541 6 2771 6 2769 6 1539 6 1541 6 1540 7 2772 7 1542 7 1540 7 2770 7 2772 7 2771 6 1543 6 2773 6 2771 6 1541 6 1543 6 1542 7 2774 7 1544 7 1542 7 2772 7 2774 7 2773 6 1545 6 2775 6 2773 6 1543 6 1545 6 1544 8 2776 8 1546 8 1544 8 2774 8 2776 8 2775 6 1547 6 2777 6 2775 6 1545 6 1547 6 1546 7 2778 7 1548 7 1546 7 2776 7 2778 7 2777 6 1549 6 2779 6 2777 6 1547 6 1549 6 1548 7 2780 7 1550 7 1548 7 2778 7 2780 7 2779 6 1551 6 2781 6 2779 6 1549 6 1551 6 1550 8 2782 8 1552 8 1550 8 2780 8 2782 8 2781 6 1553 6 2783 6 2781 6 1551 6 1553 6 1552 7 2784 7 1554 7 1552 7 2782 7 2784 7 2783 6 1555 6 2785 6 2783 6 1553 6 1555 6 1554 7 2786 7 1556 7 1554 7 2784 7 2786 7 2785 6 1557 6 2787 6 2785 6 1555 6 1557 6 1556 8 2788 8 1558 8 1556 8 2786 8 2788 8 2787 6 1559 6 2789 6 2787 6 1557 6 1559 6 1558 7 2790 7 1560 7 1558 7 2788 7 2790 7 2789 6 1561 6 2791 6 2789 6 1559 6 1561 6 1560 7 2792 7 1562 7 1560 7 2790 7 2792 7 2791 6 1563 6 2793 6 2791 6 1561 6 1563 6 1562 8 2794 8 1564 8 1562 8 2792 8 2794 8 2793 6 1565 6 2795 6 2793 6 1563 6 1565 6 1564 7 2796 7 1566 7 1564 7 2794 7 2796 7 2795 6 1567 6 2797 6 2795 6 1565 6 1567 6 1566 7 2798 7 1568 7 1566 7 2796 7 2798 7 2797 6 1569 6 2799 6 2797 6 1567 6 1569 6 1568 8 2800 8 1570 8 1568 8 2798 8 2800 8 2799 6 1571 6 2801 6 2799 6 1569 6 1571 6 1570 7 2802 7 1572 7 1570 7 2800 7 2802 7 2801 6 1573 6 2803 6 2801 6 1571 6 1573 6 1572 7 2804 7 1574 7 1572 7 2802 7 2804 7 2803 6 1575 6 2805 6 2803 6 1573 6 1575 6 1574 8 2806 8 1576 8 1574 8 2804 8 2806 8 2805 6 1577 6 2807 6 2805 6 1575 6 1577 6 1576 7 2808 7 1578 7 1576 7 2806 7 2808 7 2807 6 1579 6 2809 6 2807 6 1577 6 1579 6 1578 7 2810 7 1580 7 1578 7 2808 7 2810 7 2809 6 1581 6 2811 6 2809 6 1579 6 1581 6 1580 8 2812 8 1582 8 1580 8 2810 8 2812 8 2811 6 1583 6 2813 6 2811 6 1581 6 1583 6 1582 7 2814 7 1584 7 1582 7 2812 7 2814 7 2813 6 1585 6 2815 6 2813 6 1583 6 1585 6 1584 7 2816 7 1586 7 1584 7 2814 7 2816 7 2815 6 1587 6 2817 6 2815 6 1585 6 1587 6 1586 8 2818 8 1588 8 1586 8 2816 8 2818 8 2817 6 1589 6 2819 6 2817 6 1587 6 1589 6 1588 7 2820 7 1590 7 1588 7 2818 7 2820 7 2819 6 1591 6 2821 6 2819 6 1589 6 1591 6 1590 7 2822 7 1592 7 1590 7 2820 7 2822 7 2821 6 1593 6 2823 6 2821 6 1591 6 1593 6 1592 8 2824 8 1594 8 1592 8 2822 8 2824 8 2823 6 1595 6 2825 6 2823 6 1593 6 1595 6 1594 7 2826 7 1596 7 1594 7 2824 7 2826 7 2825 6 1597 6 2827 6 2825 6 1595 6 1597 6 1596 7 2828 7 1598 7 1596 7 2826 7 2828 7 2827 6 1599 6 2829 6 2827 6 1597 6 1599 6 1598 8 2830 8 1600 8 1598 8 2828 8 2830 8 2829 6 1601 6 2831 6 2829 6 1599 6 1601 6 1600 7 2832 7 1602 7 1600 7 2830 7 2832 7 2831 6 1603 6 2833 6 2831 6 1601 6 1603 6 1602 7 2834 7 1604 7 1602 7 2832 7 2834 7 2833 6 1605 6 2835 6 2833 6 1603 6 1605 6 1604 8 2836 8 1606 8 1604 8 2834 8 2836 8 2835 6 1607 6 2837 6 2835 6 1605 6 1607 6 1606 7 2838 7 1608 7 1606 7 2836 7 2838 7 2837 6 1609 6 2839 6 2837 6 1607 6 1609 6 1608 7 2840 7 1610 7 1608 7 2838 7 2840 7 2839 6 1611 6 2841 6 2839 6 1609 6 1611 6 1610 8 2842 8 1612 8 1610 8 2840 8 2842 8 2841 6 1613 6 2843 6 2841 6 1611 6 1613 6 1612 7 2844 7 1614 7 1612 7 2842 7 2844 7 2843 6 1615 6 2845 6 2843 6 1613 6 1615 6 1614 7 2846 7 1616 7 1614 7 2844 7 2846 7 2845 6 1617 6 2847 6 2845 6 1615 6 1617 6 1616 8 2848 8 1618 8 1616 8 2846 8 2848 8 2847 6 1619 6 2849 6 2847 6 1617 6 1619 6 1618 7 2850 7 1620 7 1618 7 2848 7 2850 7 2849 6 1621 6 2851 6 2849 6 1619 6 1621 6 1620 7 2852 7 1622 7 1620 7 2850 7 2852 7 2851 6 1623 6 2853 6 2851 6 1621 6 1623 6 1622 8 2854 8 1624 8 1622 8 2852 8 2854 8 2853 6 1625 6 2855 6 2853 6 1623 6 1625 6 1624 7 2856 7 1626 7 1624 7 2854 7 2856 7 2855 6 1627 6 2857 6 2855 6 1625 6 1627 6 1626 7 2858 7 1628 7 1626 7 2856 7 2858 7 2857 6 1629 6 2859 6 2857 6 1627 6 1629 6 1628 8 2860 8 1630 8 1628 8 2858 8 2860 8 2859 6 1631 6 2861 6 2859 6 1629 6 1631 6 1630 7 2862 7 1632 7 1630 7 2860 7 2862 7 2861 6 1633 6 2863 6 2861 6 1631 6 1633 6 1632 7 2864 7 1634 7 1632 7 2862 7 2864 7 2863 6 1635 6 2865 6 2863 6 1633 6 1635 6 1634 8 2866 8 1636 8 1634 8 2864 8 2866 8 2865 6 1637 6 2867 6 2865 6 1635 6 1637 6 1636 7 2868 7 1638 7 1636 7 2866 7 2868 7 2867 6 1639 6 2869 6 2867 6 1637 6 1639 6 1638 7 2870 7 1640 7 1638 7 2868 7 2870 7 2869 6 1641 6 2871 6 2869 6 1639 6 1641 6 1640 8 2872 8 1642 8 1640 8 2870 8 2872 8 2871 6 1643 6 2873 6 2871 6 1641 6 1643 6 1642 7 2874 7 1644 7 1642 7 2872 7 2874 7 2873 6 1645 6 2875 6 2873 6 1643 6 1645 6 1644 7 2876 7 1646 7 1644 7 2874 7 2876 7 2875 6 1647 6 2877 6 2875 6 1645 6 1647 6 1646 8 2878 8 1648 8 1646 8 2876 8 2878 8 2877 6 1649 6 2879 6 2877 6 1647 6 1649 6 1648 7 2880 7 1650 7 1648 7 2878 7 2880 7 2879 6 1651 6 2881 6 2879 6 1649 6 1651 6 1650 7 2882 7 1652 7 1650 7 2880 7 2882 7 2881 6 1653 6 2883 6 2881 6 1651 6 1653 6 1652 8 2884 8 1654 8 1652 8 2882 8 2884 8 2883 6 1655 6 2885 6 2883 6 1653 6 1655 6 1654 7 2886 7 1656 7 1654 7 2884 7 2886 7 2885 6 1657 6 2887 6 2885 6 1655 6 1657 6 1656 7 2888 7 1658 7 1656 7 2886 7 2888 7 2887 6 1659 6 2889 6 2887 6 1657 6 1659 6 1658 8 2890 8 1660 8 1658 8 2888 8 2890 8 2889 6 1661 6 2891 6 2889 6 1659 6 1661 6 1660 7 2892 7 1662 7 1660 7 2890 7 2892 7 2891 6 1663 6 2893 6 2891 6 1661 6 1663 6 1662 7 2894 7 1664 7 1662 7 2892 7 2894 7 2893 6 1665 6 2895 6 2893 6 1663 6 1665 6 1664 8 2896 8 1666 8 1664 8 2894 8 2896 8 2895 6 1667 6 2897 6 2895 6 1665 6 1667 6 1666 7 2898 7 1668 7 1666 7 2896 7 2898 7 2897 6 1669 6 2899 6 2897 6 1667 6 1669 6 1668 7 2900 7 1670 7 1668 7 2898 7 2900 7 2899 6 1671 6 2901 6 2899 6 1669 6 1671 6 1670 8 2902 8 1672 8 1670 8 2900 8 2902 8 2901 6 1673 6 2903 6 2901 6 1671 6 1673 6 1672 7 2904 7 1674 7 1672 7 2902 7 2904 7 2903 6 1675 6 2905 6 2903 6 1673 6 1675 6 1674 7 2906 7 1676 7 1674 7 2904 7 2906 7 2905 6 1677 6 2907 6 2905 6 1675 6 1677 6 1676 8 2908 8 1678 8 1676 8 2906 8 2908 8 2907 6 1679 6 2909 6 2907 6 1677 6 1679 6 1678 7 2910 7 1680 7 1678 7 2908 7 2910 7 2909 6 1681 6 2911 6 2909 6 1679 6 1681 6 1680 7 2912 7 1682 7 1680 7 2910 7 2912 7 2911 6 1683 6 2913 6 2911 6 1681 6 1683 6 1682 8 2914 8 1684 8 1682 8 2912 8 2914 8 2913 6 1685 6 2915 6 2913 6 1683 6 1685 6 1684 7 2916 7 1686 7 1684 7 2914 7 2916 7 2915 6 1687 6 2917 6 2915 6 1685 6 1687 6 1686 7 2918 7 1688 7 1686 7 2916 7 2918 7 2917 6 1689 6 2919 6 2917 6 1687 6 1689 6 1688 8 2920 8 1690 8 1688 8 2918 8 2920 8 2919 6 1691 6 2921 6 2919 6 1689 6 1691 6 1690 7 2922 7 1692 7 1690 7 2920 7 2922 7 2921 6 1693 6 2923 6 2921 6 1691 6 1693 6 1692 7 2924 7 1694 7 1692 7 2922 7 2924 7 2923 6 1695 6 2925 6 2923 6 1693 6 1695 6 1694 8 2926 8 1696 8 1694 8 2924 8 2926 8 2925 6 1697 6 2927 6 2925 6 1695 6 1697 6 1696 7 2928 7 1698 7 1696 7 2926 7 2928 7 2927 6 1699 6 2929 6 2927 6 1697 6 1699 6 1698 7 2930 7 1700 7 1698 7 2928 7 2930 7 2929 6 1701 6 2931 6 2929 6 1699 6 1701 6 1700 8 2932 8 1702 8 1700 8 2930 8 2932 8 2931 6 1703 6 2933 6 2931 6 1701 6 1703 6 1702 7 2934 7 1704 7 1702 7 2932 7 2934 7 2933 6 1705 6 2935 6 2933 6 1703 6 1705 6 1704 7 2936 7 1706 7 1704 7 2934 7 2936 7 2935 6 1707 6 2937 6 2935 6 1705 6 1707 6 1706 8 2938 8 1708 8 1706 8 2936 8 2938 8 2937 6 1709 6 2939 6 2937 6 1707 6 1709 6 1708 7 2940 7 1710 7 1708 7 2938 7 2940 7 2939 6 1711 6 2941 6 2939 6 1709 6 1711 6 1710 7 2942 7 1712 7 1710 7 2940 7 2942 7 2941 6 1713 6 2943 6 2941 6 1711 6 1713 6 1712 8 2944 8 1714 8 1712 8 2942 8 2944 8 2943 6 1715 6 2945 6 2943 6 1713 6 1715 6 1714 7 2946 7 1716 7 1714 7 2944 7 2946 7 2945 6 1717 6 2947 6 2945 6 1715 6 1717 6 1716 7 2948 7 1718 7 1716 7 2946 7 2948 7 2947 6 1719 6 2949 6 2947 6 1717 6 1719 6 1718 8 2950 8 1720 8 1718 8 2948 8 2950 8 2949 6 1721 6 2951 6 2949 6 1719 6 1721 6 1720 7 2952 7 1722 7 1720 7 2950 7 2952 7 2951 6 1723 6 2953 6 2951 6 1721 6 1723 6 1722 7 2954 7 1724 7 1722 7 2952 7 2954 7 2953 6 1725 6 2955 6 2953 6 1723 6 1725 6 1724 8 2956 8 1726 8 1724 8 2954 8 2956 8 2955 6 1727 6 2957 6 2955 6 1725 6 1727 6 1726 7 2958 7 1728 7 1726 7 2956 7 2958 7 2957 6 1729 6 2959 6 2957 6 1727 6 1729 6 1728 7 2960 7 1730 7 1728 7 2958 7 2960 7 2959 6 1731 6 2961 6 2959 6 1729 6 1731 6 1730 8 2962 8 1732 8 1730 8 2960 8 2962 8 2961 6 1733 6 2963 6 2961 6 1731 6 1733 6 1732 7 2964 7 1734 7 1732 7 2962 7 2964 7 2963 6 1735 6 2965 6 2963 6 1733 6 1735 6 1734 7 2966 7 1736 7 1734 7 2964 7 2966 7 2965 6 1737 6 2967 6 2965 6 1735 6 1737 6 1736 8 2968 8 1738 8 1736 8 2966 8 2968 8 2967 6 1739 6 2969 6 2967 6 1737 6 1739 6 1738 7 2970 7 1740 7 1738 7 2968 7 2970 7 2969 6 1741 6 2971 6 2969 6 1739 6 1741 6 1740 7 2972 7 1742 7 1740 7 2970 7 2972 7 2971 6 1743 6 2973 6 2971 6 1741 6 1743 6 1742 8 2974 8 1744 8 1742 8 2972 8 2974 8 2973 6 1745 6 2975 6 2973 6 1743 6 1745 6 1744 7 2976 7 1746 7 1744 7 2974 7 2976 7 2975 6 1747 6 2977 6 2975 6 1745 6 1747 6 1746 7 2978 7 1748 7 1746 7 2976 7 2978 7 2977 6 1749 6 2979 6 2977 6 1747 6 1749 6 1748 8 2980 8 1750 8 1748 8 2978 8 2980 8 2979 6 1751 6 2981 6 2979 6 1749 6 1751 6 1750 7 2982 7 1752 7 1750 7 2980 7 2982 7 2981 6 1753 6 2983 6 2981 6 1751 6 1753 6 1752 7 2984 7 1754 7 1752 7 2982 7 2984 7 2983 6 1755 6 2985 6 2983 6 1753 6 1755 6 1754 8 2986 8 1756 8 1754 8 2984 8 2986 8 2985 6 1757 6 2987 6 2985 6 1755 6 1757 6 1756 7 2988 7 1758 7 1756 7 2986 7 2988 7 2987 6 1759 6 2989 6 2987 6 1757 6 1759 6 1758 7 2990 7 1760 7 1758 7 2988 7 2990 7 2989 6 1761 6 2991 6 2989 6 1759 6 1761 6 1760 8 2992 8 1762 8 1760 8 2990 8 2992 8 2991 6 1763 6 2993 6 2991 6 1761 6 1763 6 1762 7 2994 7 1764 7 1762 7 2992 7 2994 7 2993 6 1765 6 2995 6 2993 6 1763 6 1765 6 1764 7 2996 7 1766 7 1764 7 2994 7 2996 7 2995 6 1767 6 2997 6 2995 6 1765 6 1767 6 1766 8 2998 8 1768 8 1766 8 2996 8 2998 8 2997 6 1769 6 2999 6 2997 6 1767 6 1769 6 1768 7 3000 7 1770 7 1768 7 2998 7 3000 7 2999 6 1771 6 3001 6 2999 6 1769 6 1771 6 1770 7 3002 7 1772 7 1770 7 3000 7 3002 7 3001 6 4 6 3003 6 3001 6 1771 6 4 6 1772 8 3004 8 1092 8 1772 8 3002 8 3004 8 3003 0 3005 0 3006 0 3003 9 4 9 3005 9 4 10 3007 10 3005 10 4 10 3 10 3007 10 3 10 3008 10 3007 10 3 10 6 10 3008 10 6 10 3009 10 3008 10 6 10 8 10 3009 10 8 10 3010 10 3009 10 8 10 10 10 3010 10 10 10 3011 10 3010 10 10 10 12 10 3011 10 12 10 3012 10 3011 10 12 10 14 10 3012 10 14 10 3013 10 3012 10 14 10 16 10 3013 10 16 10 3014 10 3013 10 16 10 18 10 3014 10 18 10 3015 10 3014 10 18 10 20 10 3015 10 20 10 3016 10 3015 10 20 10 22 10 3016 10 22 10 3017 10 3016 10 22 10 24 10 3017 10 24 10 3018 10 3017 10 24 10 26 10 3018 10 26 10 3019 10 3018 10 26 10 28 10 3019 10 28 10 3020 10 3019 10 28 10 30 10 3020 10 30 10 3021 10 3020 10 30 10 32 10 3021 10 32 10 3022 10 3021 10 32 10 34 10 3022 10 34 10 3023 10 3022 10 34 10 36 10 3023 10 36 10 3024 10 3023 10 36 10 38 10 3024 10 38 10 3025 10 3024 10 38 10 40 10 3025 10 40 10 3026 10 3025 10 40 10 42 10 3026 10 42 10 3027 10 3026 10 42 10 44 10 3027 10 44 10 3028 10 3027 10 44 10 46 10 3028 10 46 10 3029 10 3028 10 46 10 48 10 3029 10 48 10 3030 10 3029 10 48 10 50 10 3030 10 50 10 3031 10 3030 10 50 10 52 10 3031 10 52 10 3032 10 3031 10 52 10 54 10 3032 10 54 10 3033 10 3032 10 54 10 56 10 3033 10 56 10 3034 10 3033 10 56 10 58 10 3034 10 58 10 3035 10 3034 10 58 10 60 10 3035 10 60 10 3036 10 3035 10 60 10 62 10 3036 10 62 10 3037 10 3036 10 62 10 64 10 3037 10 64 10 3038 10 3037 10 64 10 66 10 3038 10 66 10 3039 10 3038 10 66 10 68 10 3039 10 68 10 3040 10 3039 10 68 10 70 10 3040 10 70 10 3041 10 3040 10 70 10 72 10 3041 10 72 10 3042 10 3041 10 72 10 74 10 3042 10 74 10 3043 10 3042 10 74 10 76 10 3043 10 76 10 3044 10 3043 10 76 10 78 10 3044 10 78 10 3045 10 3044 10 78 10 80 10 3045 10 80 10 3046 10 3045 10 80 10 82 10 3046 10 82 10 3047 10 3046 10 82 10 84 10 3047 10 84 10 3048 10 3047 10 84 10 86 10 3048 10 86 10 3049 10 3048 10 86 10 88 10 3049 10 88 10 3050 10 3049 10 88 10 90 10 3050 10 90 10 3051 10 3050 10 90 10 92 10 3051 10 92 10 3052 10 3051 10 92 10 94 10 3052 10 94 10 3053 10 3052 10 94 10 96 10 3053 10 96 10 3054 10 3053 10 96 10 98 10 3054 10 98 10 3055 10 3054 10 98 10 100 10 3055 10 100 10 3056 10 3055 10 100 10 102 10 3056 10 102 10 3057 10 3056 10 102 10 104 10 3057 10 104 10 3058 10 3057 10 104 10 106 10 3058 10 106 10 3059 10 3058 10 106 10 108 10 3059 10 108 10 3060 10 3059 10 108 10 110 10 3060 10 110 10 3061 10 3060 10 110 10 112 10 3061 10 112 10 3062 10 3061 10 112 10 114 10 3062 10 114 10 3063 10 3062 10 114 10 116 10 3063 10 116 10 3064 10 3063 10 116 10 118 10 3064 10 118 10 3065 10 3064 10 118 10 120 10 3065 10 120 10 3066 10 3065 10 120 10 122 10 3066 10 122 10 3067 10 3066 10 122 10 124 10 3067 10 124 10 3068 10 3067 10 124 10 126 10 3068 10 126 10 3069 10 3068 10 126 10 128 10 3069 10 128 10 3070 10 3069 10 128 10 130 10 3070 10 130 10 3071 10 3070 10 130 10 132 10 3071 10 132 10 3072 10 3071 10 132 10 134 10 3072 10 134 10 3073 10 3072 10 134 10 136 10 3073 10 136 10 3074 10 3073 10 136 10 138 10 3074 10 138 10 3075 10 3074 10 138 10 140 10 3075 10 140 10 3076 10 3075 10 140 10 142 10 3076 10 142 10 3077 10 3076 10 142 10 144 10 3077 10 144 10 3078 10 3077 10 144 10 146 10 3078 10 146 10 3079 10 3078 10 146 10 148 10 3079 10 148 10 3080 10 3079 10 148 10 150 10 3080 10 150 10 3081 10 3080 10 150 10 152 10 3081 10 152 10 3082 10 3081 10 152 10 154 10 3082 10 154 10 3083 10 3082 10 154 10 156 10 3083 10 156 10 3084 10 3083 10 156 10 158 10 3084 10 158 10 3085 10 3084 10 158 10 160 10 3085 10 160 10 3086 10 3085 10 160 10 162 10 3086 10 162 10 3087 10 3086 10 162 10 164 10 3087 10 164 11 3088 11 3087 11 164 11 166 11 3088 11 166 11 3089 11 3088 11 166 11 168 11 3089 11 168 10 3090 10 3089 10 168 10 170 10 3090 10 170 11 3091 11 3090 11 170 11 172 11 3091 11 172 11 3092 11 3091 11 172 11 174 11 3092 11 174 10 3093 10 3092 10 174 10 176 10 3093 10 176 11 3094 11 3093 11 176 11 178 11 3094 11 178 11 3095 11 3094 11 178 11 180 11 3095 11 180 10 3096 10 3095 10 180 10 182 10 3096 10 182 11 3097 11 3096 11 182 11 184 11 3097 11 184 11 3098 11 3097 11 184 11 186 11 3098 11 186 10 3099 10 3098 10 186 10 188 10 3099 10 188 11 3100 11 3099 11 188 11 190 11 3100 11 190 11 3101 11 3100 11 190 11 192 11 3101 11 192 10 3102 10 3101 10 192 10 194 10 3102 10 194 11 3103 11 3102 11 194 11 196 11 3103 11 196 11 3104 11 3103 11 196 11 198 11 3104 11 198 10 3105 10 3104 10 198 10 200 10 3105 10 200 11 3106 11 3105 11 200 11 202 11 3106 11 202 11 3107 11 3106 11 202 11 204 11 3107 11 204 10 3108 10 3107 10 204 10 206 10 3108 10 206 11 3109 11 3108 11 206 11 208 11 3109 11 208 11 3110 11 3109 11 208 11 210 11 3110 11 210 10 3111 10 3110 10 210 10 212 10 3111 10 212 11 3112 11 3111 11 212 11 214 11 3112 11 214 11 3113 11 3112 11 214 11 216 11 3113 11 216 10 3114 10 3113 10 216 10 218 10 3114 10 218 11 3115 11 3114 11 218 11 220 11 3115 11 220 11 3116 11 3115 11 220 11 222 11 3116 11 222 10 3117 10 3116 10 222 10 224 10 3117 10 224 11 3118 11 3117 11 224 11 226 11 3118 11 226 11 3119 11 3118 11 226 11 228 11 3119 11 228 10 3120 10 3119 10 228 10 230 10 3120 10 230 11 3121 11 3120 11 230 11 232 11 3121 11 232 11 3122 11 3121 11 232 11 234 11 3122 11 234 10 3123 10 3122 10 234 10 236 10 3123 10 236 11 3124 11 3123 11 236 11 238 11 3124 11 238 11 3125 11 3124 11 238 11 240 11 3125 11 240 10 3126 10 3125 10 240 10 242 10 3126 10 242 11 3127 11 3126 11 242 11 244 11 3127 11 244 11 3128 11 3127 11 244 11 246 11 3128 11 246 10 3129 10 3128 10 246 10 248 10 3129 10 248 11 3130 11 3129 11 248 11 250 11 3130 11 250 11 3131 11 3130 11 250 11 252 11 3131 11 252 10 3132 10 3131 10 252 10 254 10 3132 10 254 11 3133 11 3132 11 254 11 256 11 3133 11 256 11 3134 11 3133 11 256 11 258 11 3134 11 258 10 3135 10 3134 10 258 10 260 10 3135 10 260 11 3136 11 3135 11 260 11 262 11 3136 11 262 11 3137 11 3136 11 262 11 264 11 3137 11 264 10 3138 10 3137 10 264 10 266 10 3138 10 266 11 3139 11 3138 11 266 11 268 11 3139 11 268 11 3140 11 3139 11 268 11 270 11 3140 11 270 10 3141 10 3140 10 270 10 272 10 3141 10 272 11 3142 11 3141 11 272 11 274 11 3142 11 274 11 3143 11 3142 11 274 11 276 11 3143 11 276 10 3144 10 3143 10 276 10 278 10 3144 10 278 11 3145 11 3144 11 278 11 280 11 3145 11 280 11 3146 11 3145 11 280 11 282 11 3146 11 282 10 3147 10 3146 10 282 10 284 10 3147 10 284 11 3148 11 3147 11 284 11 286 11 3148 11 286 11 3149 11 3148 11 286 11 288 11 3149 11 288 10 3150 10 3149 10 288 10 290 10 3150 10 290 11 3151 11 3150 11 290 11 292 11 3151 11 292 11 3152 11 3151 11 292 11 294 11 3152 11 294 10 3153 10 3152 10 294 10 296 10 3153 10 296 11 3154 11 3153 11 296 11 298 11 3154 11 298 11 3155 11 3154 11 298 11 300 11 3155 11 300 10 3156 10 3155 10 300 10 302 10 3156 10 302 11 3157 11 3156 11 302 11 304 11 3157 11 304 11 3158 11 3157 11 304 11 306 11 3158 11 306 10 3159 10 3158 10 306 10 308 10 3159 10 308 11 3160 11 3159 11 308 11 310 11 3160 11 310 11 3161 11 3160 11 310 11 312 11 3161 11 312 10 3162 10 3161 10 312 10 314 10 3162 10 314 11 3163 11 3162 11 314 11 316 11 3163 11 316 11 3164 11 3163 11 316 11 318 11 3164 11 318 10 3165 10 3164 10 318 10 320 10 3165 10 320 11 3166 11 3165 11 320 11 322 11 3166 11 322 11 3167 11 3166 11 322 11 324 11 3167 11 324 10 3168 10 3167 10 324 10 326 10 3168 10 326 11 3169 11 3168 11 326 11 328 11 3169 11 328 11 3170 11 3169 11 328 11 330 11 3170 11 330 10 3171 10 3170 10 330 10 332 10 3171 10 332 11 3172 11 3171 11 332 11 334 11 3172 11 334 11 3173 11 3172 11 334 11 336 11 3173 11 336 10 3174 10 3173 10 336 10 338 10 3174 10 338 11 3175 11 3174 11 338 11 340 11 3175 11 340 11 3176 11 3175 11 340 11 342 11 3176 11 342 10 3177 10 3176 10 342 10 344 10 3177 10 344 11 3178 11 3177 11 344 11 346 11 3178 11 346 11 3179 11 3178 11 346 11 348 11 3179 11 348 10 3180 10 3179 10 348 10 350 10 3180 10 350 11 3181 11 3180 11 350 11 352 11 3181 11 352 11 3182 11 3181 11 352 11 354 11 3182 11 354 10 3183 10 3182 10 354 10 356 10 3183 10 356 11 3184 11 3183 11 356 11 358 11 3184 11 358 11 3185 11 3184 11 358 11 360 11 3185 11 360 10 3186 10 3185 10 360 10 362 10 3186 10 362 11 3187 11 3186 11 362 11 364 11 3187 11 364 11 3188 11 3187 11 364 11 366 11 3188 11 366 10 3189 10 3188 10 366 10 368 10 3189 10 368 11 3190 11 3189 11 368 11 370 11 3190 11 370 11 3191 11 3190 11 370 11 372 11 3191 11 372 10 3192 10 3191 10 372 10 374 10 3192 10 374 11 3193 11 3192 11 374 11 376 11 3193 11 376 11 3194 11 3193 11 376 11 378 11 3194 11 378 10 3195 10 3194 10 378 10 380 10 3195 10 380 11 3196 11 3195 11 380 11 382 11 3196 11 382 11 3197 11 3196 11 382 11 384 11 3197 11 384 10 3198 10 3197 10 384 10 386 10 3198 10 386 10 3199 10 3198 10 386 10 388 10 3199 10 388 10 3200 10 3199 10 388 10 390 10 3200 10 390 10 3201 10 3200 10 390 10 392 10 3201 10 392 10 3202 10 3201 10 392 10 394 10 3202 10 394 10 3203 10 3202 10 394 10 396 10 3203 10 396 10 3204 10 3203 10 396 10 398 10 3204 10 398 10 3205 10 3204 10 398 10 400 10 3205 10 400 10 3206 10 3205 10 400 10 402 10 3206 10 402 10 3207 10 3206 10 402 10 404 10 3207 10 404 10 3208 10 3207 10 404 10 406 10 3208 10 406 10 3209 10 3208 10 406 10 408 10 3209 10 408 10 3210 10 3209 10 408 10 410 10 3210 10 410 10 3211 10 3210 10 410 10 412 10 3211 10 412 10 3212 10 3211 10 412 10 414 10 3212 10 414 10 3213 10 3212 10 414 10 416 10 3213 10 416 10 3214 10 3213 10 416 10 418 10 3214 10 418 10 3215 10 3214 10 418 10 420 10 3215 10 420 10 3216 10 3215 10 420 10 422 10 3216 10 422 10 3217 10 3216 10 422 10 424 10 3217 10 424 10 3218 10 3217 10 424 10 426 10 3218 10 426 10 3219 10 3218 10 426 10 428 10 3219 10 428 10 3220 10 3219 10 428 10 430 10 3220 10 430 10 3221 10 3220 10 430 10 432 10 3221 10 432 10 3222 10 3221 10 432 10 434 10 3222 10 434 10 3223 10 3222 10 434 10 436 10 3223 10 436 10 3224 10 3223 10 436 10 438 10 3224 10 438 10 3225 10 3224 10 438 10 440 10 3225 10 440 10 3226 10 3225 10 440 10 442 10 3226 10 442 10 3227 10 3226 10 442 10 444 10 3227 10 444 10 3228 10 3227 10 444 10 446 10 3228 10 446 10 3229 10 3228 10 446 10 448 10 3229 10 448 10 3230 10 3229 10 448 10 450 10 3230 10 450 10 3231 10 3230 10 450 10 452 10 3231 10 452 10 3232 10 3231 10 452 10 454 10 3232 10 454 10 3233 10 3232 10 454 10 456 10 3233 10 456 10 3234 10 3233 10 456 10 458 10 3234 10 458 10 3235 10 3234 10 458 10 460 10 3235 10 460 10 3236 10 3235 10 460 10 462 10 3236 10 462 10 3237 10 3236 10 462 10 464 10 3237 10 464 10 3238 10 3237 10 464 10 466 10 3238 10 466 10 3239 10 3238 10 466 10 468 10 3239 10 468 10 3240 10 3239 10 468 10 470 10 3240 10 470 10 3241 10 3240 10 470 10 472 10 3241 10 472 10 3242 10 3241 10 472 10 474 10 3242 10 474 10 3243 10 3242 10 474 10 476 10 3243 10 476 10 3244 10 3243 10 476 10 478 10 3244 10 478 10 3245 10 3244 10 478 10 480 10 3245 10 480 10 3246 10 3245 10 480 10 482 10 3246 10 482 10 3247 10 3246 10 482 10 484 10 3247 10 484 10 3248 10 3247 10 484 10 486 10 3248 10 486 10 3249 10 3248 10 486 10 488 10 3249 10 488 10 3250 10 3249 10 488 10 490 10 3250 10 490 10 3251 10 3250 10 490 10 492 10 3251 10 492 10 3252 10 3251 10 492 10 494 10 3252 10 494 10 3253 10 3252 10 494 10 496 10 3253 10 496 10 3254 10 3253 10 496 10 498 10 3254 10 498 10 3255 10 3254 10 498 10 500 10 3255 10 500 10 3256 10 3255 10 500 10 502 10 3256 10 502 10 3257 10 3256 10 502 10 504 10 3257 10 504 10 3258 10 3257 10 504 10 506 10 3258 10 506 10 3259 10 3258 10 506 10 508 10 3259 10 508 10 3260 10 3259 10 508 10 510 10 3260 10 510 10 3261 10 3260 10 510 10 512 10 3261 10 512 10 3262 10 3261 10 512 10 514 10 3262 10 514 10 3263 10 3262 10 514 10 516 10 3263 10 516 10 3264 10 3263 10 516 10 518 10 3264 10 518 10 3265 10 3264 10 518 10 520 10 3265 10 520 10 3266 10 3265 10 520 10 522 10 3266 10 522 10 3267 10 3266 10 522 10 524 10 3267 10 524 10 3268 10 3267 10 524 10 526 10 3268 10 526 10 3269 10 3268 10 526 10 528 10 3269 10 528 10 3270 10 3269 10 528 10 530 10 3270 10 530 10 3271 10 3270 10 530 10 532 10 3271 10 532 10 3272 10 3271 10 532 10 534 10 3272 10 534 10 3273 10 3272 10 534 10 536 10 3273 10 536 10 3274 10 3273 10 536 10 538 10 3274 10 538 10 3275 10 3274 10 538 10 540 10 3275 10 540 10 3276 10 3275 10 540 10 542 10 3276 10 542 10 3277 10 3276 10 542 10 544 10 3277 10 544 10 3278 10 3277 10 544 10 546 10 3278 10 546 10 3279 10 3278 10 546 10 548 10 3279 10 548 10 3280 10 3279 10 548 10 550 10 3280 10 550 10 3281 10 3280 10 550 10 552 10 3281 10 552 10 3282 10 3281 10 552 10 554 10 3282 10 554 10 3283 10 3282 10 554 10 556 10 3283 10 556 10 3284 10 3283 10 556 10 558 10 3284 10 558 10 3285 10 3284 10 558 10 560 10 3285 10 560 10 3286 10 3285 10 560 10 562 10 3286 10 562 10 3287 10 3286 10 562 10 564 10 3287 10 564 10 3288 10 3287 10 564 10 566 10 3288 10 566 10 3289 10 3288 10 566 10 568 10 3289 10 568 10 3290 10 3289 10 568 10 570 10 3290 10 570 10 3291 10 3290 10 570 10 572 10 3291 10 572 10 3292 10 3291 10 572 10 574 10 3292 10 574 10 3293 10 3292 10 574 10 576 10 3293 10 576 10 3294 10 3293 10 576 10 578 10 3294 10 578 10 3295 10 3294 10 578 10 580 10 3295 10 580 10 3296 10 3295 10 580 10 582 10 3296 10 582 10 3297 10 3296 10 582 10 584 10 3297 10 584 10 3298 10 3297 10 584 10 586 10 3298 10 586 10 3299 10 3298 10 586 10 588 10 3299 10 588 10 3300 10 3299 10 588 10 590 10 3300 10 590 10 3301 10 3300 10 590 10 592 10 3301 10 592 10 3302 10 3301 10 592 10 594 10 3302 10 594 10 3303 10 3302 10 594 10 596 10 3303 10 596 10 3304 10 3303 10 596 10 598 10 3304 10 598 10 3305 10 3304 10 598 10 600 10 3305 10 600 10 3306 10 3305 10 600 10 602 10 3306 10 602 10 3307 10 3306 10 602 10 604 10 3307 10 604 10 3308 10 3307 10 604 10 606 10 3308 10 606 10 3309 10 3308 10 606 10 608 10 3309 10 608 10 3310 10 3309 10 608 10 610 10 3310 10 610 10 3311 10 3310 10 610 10 612 10 3311 10 612 10 3312 10 3311 10 612 10 614 10 3312 10 614 10 3313 10 3312 10 614 10 616 10 3313 10 616 10 3314 10 3313 10 616 10 618 10 3314 10 618 10 3315 10 3314 10 618 10 620 10 3315 10 620 10 3316 10 3315 10 620 10 622 10 3316 10 622 10 3317 10 3316 10 622 10 624 10 3317 10 624 10 3318 10 3317 10 624 10 626 10 3318 10 626 10 3319 10 3318 10 626 10 628 10 3319 10 628 10 3320 10 3319 10 628 10 630 10 3320 10 630 10 3321 10 3320 10 630 10 632 10 3321 10 632 10 3322 10 3321 10 632 10 634 10 3322 10 634 10 3323 10 3322 10 634 10 636 10 3323 10 636 10 3324 10 3323 10 636 10 638 10 3324 10 638 10 3325 10 3324 10 638 10 640 10 3325 10 640 10 3326 10 3325 10 640 10 642 10 3326 10 642 10 3327 10 3326 10 642 10 644 10 3327 10 644 10 3328 10 3327 10 644 10 646 10 3328 10 646 10 3329 10 3328 10 646 10 648 10 3329 10 648 10 3330 10 3329 10 648 10 650 10 3330 10 650 10 3331 10 3330 10 650 10 652 10 3331 10 652 10 3332 10 3331 10 652 10 654 10 3332 10 654 10 3333 10 3332 10 654 10 656 10 3333 10 656 10 3334 10 3333 10 656 10 658 10 3334 10 658 10 3335 10 3334 10 658 10 660 10 3335 10 660 10 3336 10 3335 10 660 10 662 10 3336 10 662 10 3337 10 3336 10 662 10 664 10 3337 10 664 10 3338 10 3337 10 664 10 666 10 3338 10 666 10 3339 10 3338 10 666 10 668 10 3339 10 668 10 3340 10 3339 10 668 10 670 10 3340 10 670 10 3341 10 3340 10 670 10 672 10 3341 10 672 10 3342 10 3341 10 672 10 674 10 3342 10 674 10 3343 10 3342 10 674 10 676 10 3343 10 676 10 3344 10 3343 10 676 10 678 10 3344 10 678 10 3345 10 3344 10 678 10 680 10 3345 10 680 10 3346 10 3345 10 680 10 682 10 3346 10 682 10 3347 10 3346 10 682 10 684 10 3347 10 684 10 3348 10 3347 10 684 10 686 10 3348 10 686 10 3349 10 3348 10 686 10 688 10 3349 10 688 10 3350 10 3349 10 688 10 690 10 3350 10 690 10 3351 10 3350 10 690 10 692 10 3351 10 692 10 3352 10 3351 10 692 10 694 10 3352 10 694 10 3353 10 3352 10 694 10 696 10 3353 10 696 10 3354 10 3353 10 696 10 698 10 3354 10 698 10 3355 10 3354 10 698 10 700 10 3355 10 700 10 3356 10 3355 10 700 10 702 10 3356 10 702 10 3357 10 3356 10 702 10 704 10 3357 10 704 10 3358 10 3357 10 704 10 706 10 3358 10 706 10 3359 10 3358 10 706 10 708 10 3359 10 708 10 3360 10 3359 10 708 10 710 10 3360 10 710 10 3361 10 3360 10 710 10 712 10 3361 10 712 10 3362 10 3361 10 712 10 714 10 3362 10 714 10 3363 10 3362 10 714 10 716 10 3363 10 716 10 3364 10 3363 10 716 10 718 10 3364 10 718 10 3365 10 3364 10 718 10 720 10 3365 10 720 10 3366 10 3365 10 720 10 722 10 3366 10 722 10 3367 10 3366 10 722 10 724 10 3367 10 724 10 3368 10 3367 10 724 10 726 10 3368 10 726 10 3369 10 3368 10 726 10 728 10 3369 10 728 10 3370 10 3369 10 728 10 730 10 3370 10 730 10 3371 10 3370 10 730 10 732 10 3371 10 732 10 3372 10 3371 10 732 10 734 10 3372 10 734 10 3373 10 3372 10 734 10 736 10 3373 10 736 10 3374 10 3373 10 736 10 738 10 3374 10 738 10 3375 10 3374 10 738 10 740 10 3375 10 740 10 3376 10 3375 10 740 10 742 10 3376 10 742 10 3377 10 3376 10 742 10 744 10 3377 10 744 10 3378 10 3377 10 744 10 746 10 3378 10 746 10 3379 10 3378 10 746 10 748 10 3379 10 748 10 3380 10 3379 10 748 10 750 10 3380 10 750 10 3381 10 3380 10 750 10 752 10 3381 10 752 10 3382 10 3381 10 752 10 754 10 3382 10 754 10 3383 10 3382 10 754 10 756 10 3383 10 756 10 3384 10 3383 10 756 10 758 10 3384 10 758 10 3385 10 3384 10 758 10 760 10 3385 10 760 10 3386 10 3385 10 760 10 762 10 3386 10 762 10 3387 10 3386 10 762 10 764 10 3387 10 764 10 3388 10 3387 10 764 10 766 10 3388 10 766 10 3389 10 3388 10 766 10 768 10 3389 10 768 11 3390 11 3389 11 768 11 770 11 3390 11 770 10 3391 10 3390 10 770 10 772 10 3391 10 772 10 3392 10 3391 10 772 10 774 10 3392 10 774 11 3393 11 3392 11 774 11 776 11 3393 11 776 10 3394 10 3393 10 776 10 778 10 3394 10 778 10 3395 10 3394 10 778 10 780 10 3395 10 780 11 3396 11 3395 11 780 11 782 11 3396 11 782 10 3397 10 3396 10 782 10 784 10 3397 10 784 10 3398 10 3397 10 784 10 786 10 3398 10 786 11 3399 11 3398 11 786 11 788 11 3399 11 788 10 3400 10 3399 10 788 10 790 10 3400 10 790 10 3401 10 3400 10 790 10 792 10 3401 10 792 11 3402 11 3401 11 792 11 794 11 3402 11 794 10 3403 10 3402 10 794 10 796 10 3403 10 796 10 3404 10 3403 10 796 10 798 10 3404 10 798 11 3405 11 3404 11 798 11 800 11 3405 11 800 10 3406 10 3405 10 800 10 802 10 3406 10 802 10 3407 10 3406 10 802 10 804 10 3407 10 804 11 3408 11 3407 11 804 11 806 11 3408 11 806 10 3409 10 3408 10 806 10 808 10 3409 10 808 10 3410 10 3409 10 808 10 810 10 3410 10 810 11 3411 11 3410 11 810 11 812 11 3411 11 812 10 3412 10 3411 10 812 10 814 10 3412 10 814 10 3413 10 3412 10 814 10 816 10 3413 10 816 11 3414 11 3413 11 816 11 818 11 3414 11 818 10 3415 10 3414 10 818 10 820 10 3415 10 820 10 3416 10 3415 10 820 10 822 10 3416 10 822 11 3417 11 3416 11 822 11 824 11 3417 11 824 10 3418 10 3417 10 824 10 826 10 3418 10 826 10 3419 10 3418 10 826 10 828 10 3419 10 828 11 3420 11 3419 11 828 11 830 11 3420 11 830 10 3421 10 3420 10 830 10 832 10 3421 10 832 10 3422 10 3421 10 832 10 834 10 3422 10 834 11 3423 11 3422 11 834 11 836 11 3423 11 836 10 3424 10 3423 10 836 10 838 10 3424 10 838 10 3425 10 3424 10 838 10 840 10 3425 10 840 11 3426 11 3425 11 840 11 842 11 3426 11 842 10 3427 10 3426 10 842 10 844 10 3427 10 844 10 3428 10 3427 10 844 10 846 10 3428 10 846 11 3429 11 3428 11 846 11 848 11 3429 11 848 10 3430 10 3429 10 848 10 850 10 3430 10 850 10 3431 10 3430 10 850 10 852 10 3431 10 852 11 3432 11 3431 11 852 11 854 11 3432 11 854 10 3433 10 3432 10 854 10 856 10 3433 10 856 10 3434 10 3433 10 856 10 858 10 3434 10 858 11 3435 11 3434 11 858 11 860 11 3435 11 860 10 3436 10 3435 10 860 10 862 10 3436 10 862 10 3437 10 3436 10 862 10 864 10 3437 10 864 11 3438 11 3437 11 864 11 866 11 3438 11 866 10 3439 10 3438 10 866 10 868 10 3439 10 868 10 3440 10 3439 10 868 10 870 10 3440 10 870 11 3441 11 3440 11 870 11 872 11 3441 11 872 10 3442 10 3441 10 872 10 874 10 3442 10 874 10 3443 10 3442 10 874 10 876 10 3443 10 876 11 3444 11 3443 11 876 11 878 11 3444 11 878 10 3445 10 3444 10 878 10 880 10 3445 10 880 10 3446 10 3445 10 880 10 882 10 3446 10 882 11 3447 11 3446 11 882 11 884 11 3447 11 884 10 3448 10 3447 10 884 10 886 10 3448 10 886 10 3449 10 3448 10 886 10 888 10 3449 10 888 11 3450 11 3449 11 888 11 890 11 3450 11 890 10 3451 10 3450 10 890 10 892 10 3451 10 892 10 3452 10 3451 10 892 10 894 10 3452 10 894 11 3453 11 3452 11 894 11 896 11 3453 11 896 10 3454 10 3453 10 896 10 898 10 3454 10 898 10 3455 10 3454 10 898 10 900 10 3455 10 900 11 3456 11 3455 11 900 11 902 11 3456 11 902 10 3457 10 3456 10 902 10 904 10 3457 10 904 10 3458 10 3457 10 904 10 906 10 3458 10 906 11 3459 11 3458 11 906 11 908 11 3459 11 908 10 3460 10 3459 10 908 10 910 10 3460 10 910 10 3461 10 3460 10 910 10 912 10 3461 10 912 11 3462 11 3461 11 912 11 914 11 3462 11 914 10 3463 10 3462 10 914 10 916 10 3463 10 916 10 3464 10 3463 10 916 10 918 10 3464 10 918 11 3465 11 3464 11 918 11 920 11 3465 11 920 10 3466 10 3465 10 920 10 922 10 3466 10 922 10 3467 10 3466 10 922 10 924 10 3467 10 924 11 3468 11 3467 11 924 11 926 11 3468 11 926 10 3469 10 3468 10 926 10 928 10 3469 10 928 10 3470 10 3469 10 928 10 930 10 3470 10 930 11 3471 11 3470 11 930 11 932 11 3471 11 932 10 3472 10 3471 10 932 10 934 10 3472 10 934 10 3473 10 3472 10 934 10 936 10 3473 10 936 11 3474 11 3473 11 936 11 938 11 3474 11 938 10 3475 10 3474 10 938 10 940 10 3475 10 940 10 3476 10 3475 10 940 10 942 10 3476 10 942 11 3477 11 3476 11 942 11 944 11 3477 11 944 10 3478 10 3477 10 944 10 946 10 3478 10 946 10 3479 10 3478 10 946 10 948 10 3479 10 948 11 3480 11 3479 11 948 11 950 11 3480 11 950 10 3481 10 3480 10 950 10 952 10 3481 10 952 10 3482 10 3481 10 952 10 954 10 3482 10 954 11 3483 11 3482 11 954 11 956 11 3483 11 956 10 3484 10 3483 10 956 10 958 10 3484 10 958 10 3485 10 3484 10 958 10 960 10 3485 10 960 11 3486 11 3485 11 960 11 962 11 3486 11 962 10 3487 10 3486 10 962 10 964 10 3487 10 964 10 3488 10 3487 10 964 10 966 10 3488 10 966 11 3489 11 3488 11 966 11 968 11 3489 11 968 10 3490 10 3489 10 968 10 970 10 3490 10 970 10 3491 10 3490 10 970 10 972 10 3491 10 972 11 3492 11 3491 11 972 11 974 11 3492 11 974 10 3493 10 3492 10 974 10 976 10 3493 10 976 10 3494 10 3493 10 976 10 978 10 3494 10 978 11 3495 11 3494 11 978 11 980 11 3495 11 980 10 3496 10 3495 10 980 10 982 10 3496 10 982 10 3497 10 3496 10 982 10 984 10 3497 10 984 11 3498 11 3497 11 984 11 986 11 3498 11 986 10 3499 10 3498 10 986 10 988 10 3499 10 988 10 3500 10 3499 10 988 10 990 10 3500 10 990 11 3501 11 3500 11 990 11 992 11 3501 11 992 10 3502 10 3501 10 992 10 994 10 3502 10 994 10 3503 10 3502 10 994 10 996 10 3503 10 996 11 3504 11 3503 11 996 11 998 11 3504 11 998 10 3505 10 3504 10 998 10 1000 10 3505 10 1000 10 3506 10 3505 10 1000 10 1002 10 3506 10 1002 11 3507 11 3506 11 1002 11 1004 11 3507 11 1004 10 3508 10 3507 10 1004 10 1006 10 3508 10 1006 10 3509 10 3508 10 1006 10 1008 10 3509 10 1008 11 3510 11 3509 11 1008 11 1010 11 3510 11 1010 10 3511 10 3510 10 1010 10 1012 10 3511 10 1012 10 3512 10 3511 10 1012 10 1014 10 3512 10 1014 11 3513 11 3512 11 1014 11 1016 11 3513 11 1016 10 3514 10 3513 10 1016 10 1018 10 3514 10 1018 10 3515 10 3514 10 1018 10 1020 10 3515 10 1020 11 3516 11 3515 11 1020 11 1022 11 3516 11 1022 10 3517 10 3516 10 1022 10 1024 10 3517 10 1024 10 3518 10 3517 10 1024 10 1026 10 3518 10 1026 11 3519 11 3518 11 1026 11 1028 11 3519 11 1028 10 3520 10 3519 10 1028 10 1030 10 3520 10 1030 10 3521 10 3520 10 1030 10 1032 10 3521 10 1032 11 3522 11 3521 11 1032 11 1034 11 3522 11 1034 10 3523 10 3522 10 1034 10 1036 10 3523 10 1036 10 3524 10 3523 10 1036 10 1038 10 3524 10 1038 11 3525 11 3524 11 1038 11 1040 11 3525 11 1040 10 3526 10 3525 10 1040 10 1042 10 3526 10 1042 10 3527 10 3526 10 1042 10 1044 10 3527 10 1044 11 3528 11 3527 11 1044 11 1046 11 3528 11 1046 10 3529 10 3528 10 1046 10 1048 10 3529 10 1048 10 3530 10 3529 10 1048 10 1050 10 3530 10 1050 11 3531 11 3530 11 1050 11 1052 11 3531 11 1052 10 3532 10 3531 10 1052 10 1054 10 3532 10 1054 10 3533 10 3532 10 1054 10 1056 10 3533 10 1056 11 3534 11 3533 11 1056 11 1058 11 3534 11 1058 10 3535 10 3534 10 1058 10 1060 10 3535 10 1060 10 3536 10 3535 10 1060 10 1062 10 3536 10 1062 11 3537 11 3536 11 1062 11 1064 11 3537 11 1064 10 3538 10 3537 10 1064 10 1066 10 3538 10 1066 10 3539 10 3538 10 1066 10 1068 10 3539 10 1068 11 3540 11 3539 11 1068 11 1070 11 3540 11 1070 10 3541 10 3540 10 1070 10 1072 10 3541 10 1072 10 3542 10 3541 10 1072 10 1074 10 3542 10 1074 11 3543 11 3542 11 1074 11 1076 11 3543 11 1076 10 3544 10 3543 10 1076 10 1078 10 3544 10 1078 10 3545 10 3544 10 1078 10 1080 10 3545 10 1080 11 3546 11 3545 11 1080 11 1082 11 3546 11 1082 10 3547 10 3546 10 1082 10 1084 10 3547 10 1084 10 3548 10 3547 10 1084 10 1086 10 3548 10 1086 11 3549 11 3548 11 1086 11 1088 11 3549 11 1088 10 3550 10 3549 10 1088 10 1090 10 3550 10 1090 10 3551 10 3550 10 1090 10 1092 10 3551 10 1092 11 3552 11 3551 11 1092 7 3004 7 3552 7</p>
        </triangles>
      </mesh>
    </geometry>
    <geometry id="geometry_3c0e87f3_eac1_4327_a8cf_d7b5d23d77d4">
      <mesh>
        <source id="pos_1">
          <float_array id="pos_1-array" count="12">365.33333333 -228 -0.5 -364 -228 -0.5 -364 229.33333333 -0.5 365.33333333 229.33333333 -0.5</float_array>
          <technique_common>
            <accessor source="#pos_1-array" count="12" stride="3">
              <param name="X" type="float"/>
              <param name="Y" type="float"/>
              <param name="Z" type="float"/>
            </accessor>
          </technique_common>
        </source>
        <source id="uvs_1">
          <float_array id="uvs_1-array" count="0"></float_array>
          <technique_common>
            <accessor source="#uvs_1-array" count="0" stride="2">
              <param name="S" type="float"/>
              <param name="T" type="float"/>
            </accessor>
          </technique_common>
        </source>
        <vertices id="vert_1">
          <input semantic="POSITION" source="#pos_1"/>
        </vertices>
        <triangles count="2" material="mat_0">
          <input semantic="VERTEX" source="#vert_1" offset="0"/>
          <p>0 1 2 0 2 3</p>
        </triangles>
      </mesh>
    </geometry>
  </library_geometries>
  <library_visual_scenes>
    <visual_scene id="DefaultScene">
      <node id="node_afe8d6ef_f60c_4e88_b470_4b8dc042df9a" type="NODE">
        <matrix>1 0 0 0 0 1 0 0 0 0 1 0 0 0 0 1</matrix>
        <node id="node_c70313ed_33e1_45ba_acef_d7d026f54ae4" type="NODE">
          <matrix>1 0 0 0 0 1 0 0 0 0 1 0 0 0 0 1</matrix>
          <node id="node_c70313ed_33e1_45ba_acef_d7d026f54ae4_mesh0" type="NODE">
            <matrix>1 0 0 0 0 1 0 0 0 0 1 0 0 0 0 1</matrix>
            <instance_geometry url="#geometry_17bbba78_be7a_48a9_a209_3bdc1843357c">
              <bind_material>
                <technique_common>
                  <instance_material symbol="mat_0" target="#mat_0"/>
                </technique_common>
              </bind_material>
            </instance_geometry>
          </node>
        </node>
        <node id="node_858a3b73_8d56_4f4a_8d01_1da541d84225" type="NODE">
          <matrix>1 0 0 0 0 1 0 0 0 0 1 0 0 0 0 1</matrix>
          <node id="node_858a3b73_8d56_4f4a_8d01_1da541d84225_mesh0" type="NODE">
            <matrix>1 0 0 0 0 1 0 0 0 0 1 0 0 0 0 1</matrix>
            <instance_geometry url="#geometry_3c0e87f3_eac1_4327_a8cf_d7b5d23d77d4">
              <bind_material>
                <technique_common>
                  <instance_material symbol="mat_0" target="#mat_0"/>
                </technique_common>
              </bind_material>
            </instance_geometry>
          </node>
        </node>
      </node>
    </visual_scene>
  </library_visual_scenes>
  <scene>
    <instance_visual_scene url="#DefaultScene"/>
  </scene>
</COLLADA>
